Workbook
Name RoomList: [1]!RoomLookup[#Data]

Sheet MAY 2024 - Working File 
A1: Sl | B1: ID | C1: Names | D1: Mol Person ID | E1: Cont salry | F1: Basic | G1: days | H1: Abs. | I1: pres | J1: Basic Salary | K1: Wps OT Hours | L1: WPS OT Salary | M1: NON wps OT Hours | N1: NON wps OT Salary | O1: Sunday OT Hours | P1: Sunday OT Amount | Q1: food days | R1: Food Allow | S1: Food Amount | T1: Full att. | U1: Incen. | V1: Add. | W1: Dedu. | X1: Total salary | Y1: Addition Reason | Z1: Deduction Reason | AA1: WPS basic | AB1: NON WPS - | AC1: Total Sent | AD1: Balance | AE1: WPS Provided | AF1: Non WPS to be sent
A2: 1 | B2: 75 | C2: MD SHAHBAZ MUHAMMAD AFZAL | D2: 20019038501917 | F2: 800 | G2: 31 | H2: 0 | I2: =G2-H2 -> 31 | J2: =F2/G2*I2 -> 800 | L2: =F2/30/8*1.25*K2 -> 0 | N2: =F2/30/8*1.25*M2 -> 0 | P2: =F2/30/8*1.5*O2 -> 0 | Q2: =I2 -> 31 | R2: 200 | S2: =R2/G2*Q2 -> 200 | T2: =100/G2*I2 -> 100 | U2: 100 | V2: 0 | W2: 0 | X2: =J2+L2+N2+P2+S2+T2+U2+V2-W2 -> 1200 | AA2: =J2 -> 800 | AB2: =X2-AA2 -> 400 | AC2: =AE2+AB2 -> #N/A | AD2: =X2-AC2 -> #N/A | AE2: =VLOOKUP(B2,[2]Sheet1!$B$4:$J$188,9,0) -> #N/A | AF2: =X2-AE2 -> #N/A | AG2: =VLOOKUP(B2,'[3]MASTER -COLOR CODE'!$B$6:$C$337,2,0) -> MUHAMMAD SHAHBAZ
A3: 2 | B3: 88 | C3: AMIR SHAHZAD GHULAM RASOOL | D3: 20014098680204 | F3: 800 | G3: 31 | H3: 0 | I3: =G3-H3 -> 31 | J3: =F3/G3*I3 -> 800 | L3: =F3/30/8*1.25*K3 -> 0 | N3: =F3/30/8*1.25*M3 -> 0 | P3: =F3/30/8*1.5*O3 -> 0 | Q3: =I3 -> 31 | R3: 200 | S3: =R3/G3*Q3 -> 200 | T3: =100/G3*I3 -> 100 | U3: 100 | V3: 0 | W3: 0 | X3: =J3+L3+N3+P3+S3+T3+U3+V3-W3 -> 1200 | AA3: =J3 -> 800 | AB3: =X3-AA3 -> 400 | AC3: =AE3+AB3 -> #N/A | AD3: =X3-AC3 -> #N/A | AE3: =VLOOKUP(B3,[2]Sheet1!$B$4:$J$188,9,0) -> #N/A | AF3: =X3-AE3 -> #N/A | AG3: =VLOOKUP(B3,'[3]MASTER -COLOR CODE'!$B$6:$C$337,2,0) -> AMIR SHAHZAD GHULAM RASOOL
A4: 3 | B4: 182 | C4: Horamoni | D4: 30115037730750 | F4: 800 | G4: 31 | H4: 0 | I4: =G4-H4 -> 31 | J4: =F4/G4*I4 -> 800 | L4: =F4/30/8*1.25*K4 -> 0 | N4: =F4/30/8*1.25*M4 -> 0 | P4: =F4/30/8*1.5*O4 -> 0 | Q4: =I4 -> 31 | R4: 200 | S4: =R4/G4*Q4 -> 200 | T4: 100 | U4: 100 | V4: 0 | W4: 0 | X4: =J4+L4+N4+P4+S4+T4+U4+V4-W4 -> 1200 | AA4: =J4 -> 800 | AB4: =X4-AA4 -> 400 | AC4: =AE4+AB4 -> #N/A | AD4: =X4-AC4 -> #N/A | AE4: =VLOOKUP(B4,[2]Sheet1!$B$4:$J$188,9,0) -> #N/A | AF4: =X4-AE4 -> #N/A | AG4: =VLOOKUP(B4,'[3]MASTER -COLOR CODE'!$B$6:$C$337,2,0) -> HORA MONI MOJMDER ANOWTA KUMARR
A5: 4 | B5: 189 | C5: KAMAL ABDUR RAHMAN | D5: 30101017385850 | F5: 800 | G5: 31 | H5: 0 | I5: =G5-H5 -> 31 | J5: =F5/G5*I5 -> 800 | L5: =F5/30/8*1.25*K5 -> 0 | N5: =F5/30/8*1.25*M5 -> 0 | P5: =F5/30/8*1.5*O5 -> 0 | Q5: =I5 -> 31 | R5: 200 | S5: =R5/G5*Q5 -> 200 | T5: =100/G5*I5 -> 100 | U5: 100 | V5: 0 | W5: 0 | X5: =J5+L5+N5+P5+S5+T5+U5+V5-W5 -> 1200 | AA5: =J5 -> 800 | AB5: =X5-AA5 -> 400 | AC5: =AE5+AB5 -> #N/A | AD5: =X5-AC5 -> #N/A | AE5: =VLOOKUP(B5,[2]Sheet1!$B$4:$J$188,9,0) -> #N/A | AF5: =X5-AE5 -> #N/A | AG5: =VLOOKUP(B5,'[3]MASTER -COLOR CODE'!$B$6:$C$337,2,0) -> KAMAL ABDUL REHMAN
A6: 5 | B6: 213 | C6: MUBARAK KALU BHUIYAN | D6: 30110108452099 | F6: 800 | G6: 31 | H6: 0 | I6: =G6-H6 -> 31 | J6: =F6/G6*I6 -> 800 | L6: =F6/30/8*1.25*K6 -> 0 | N6: =F6/30/8*1.25*M6 -> 0 | P6: =F6/30/8*1.5*O6 -> 0 | Q6: =I6 -> 31 | R6: 200 | S6: =R6/G6*Q6 -> 200 | T6: =100/G6*I6 -> 100 | U6: 100 | V6: 0 | W6: 0 | X6: =J6+L6+N6+P6+S6+T6+U6+V6-W6 -> 1200 | AA6: =J6 -> 800 | AB6: =X6-AA6 -> 400 | AC6: =AE6+AB6 -> #N/A | AD6: =X6-AC6 -> #N/A | AE6: =VLOOKUP(B6,[2]Sheet1!$B$4:$J$188,9,0) -> #N/A | AF6: =X6-AE6 -> #N/A | AG6: =VLOOKUP(B6,'[3]MASTER -COLOR CODE'!$B$6:$C$337,2,0) -> MUBARAK KALU BHUIYAN
A7: 6 | B7: 231 | C7: MORSHAD ALAM ABUL KALAM | D7: 30121098730725 | F7: 800 | G7: 31 | H7: 0 | I7: =G7-H7 -> 31 | J7: =F7/G7*I7 -> 800 | L7: =F7/30/8*1.25*K7 -> 0 | N7: =F7/30/8*1.25*M7 -> 0 | P7: =F7/30/8*1.5*O7 -> 0 | Q7: =I7 -> 31 | R7: 200 | S7: =R7/G7*Q7 -> 200 | T7: =100/G7*I7 -> 100 | U7: 100 | V7: 0 | W7: 0 | X7: =J7+L7+N7+P7+S7+T7+U7+V7-W7 -> 1200 | AA7: =J7 -> 800 | AB7: =X7-AA7 -> 400 | AC7: =AE7+AB7 -> #N/A | AD7: =X7-AC7 -> #N/A | AE7: =VLOOKUP(B7,[2]Sheet1!$B$4:$J$188,9,0) -> #N/A | AF7: =X7-AE7 -> #N/A | AG7: =VLOOKUP(B7,'[3]MASTER -COLOR CODE'!$B$6:$C$337,2,0) -> MORSHAD ALAM ABUL KALAM
A8: 7 | B8: 234 | C8: AZIZAR MD ROSHAN | D8: 30106097574397 | F8: 800 | G8: 31 | H8: 0 | I8: =G8-H8 -> 31 | J8: =F8/G8*I8 -> 800 | L8: =F8/30/8*1.25*K8 -> 0 | N8: =F8/30/8*1.25*M8 -> 0 | P8: =F8/30/8*1.5*O8 -> 0 | Q8: =I8 -> 31 | R8: 200 | S8: =R8/G8*Q8 -> 200 | T8: =100/G8*I8 -> 100 | U8: 100 | V8: 0 | W8: 0 | X8: =J8+L8+N8+P8+S8+T8+U8+V8-W8 -> 1200 | AA8: =J8 -> 800 | AB8: =X8-AA8 -> 400 | AC8: =AE8+AB8 -> #N/A | AD8: =X8-AC8 -> #N/A | AE8: =VLOOKUP(B8,[2]Sheet1!$B$4:$J$188,9,0) -> #N/A | AF8: =X8-AE8 -> #N/A | AG8: =VLOOKUP(B8,'[3]MASTER -COLOR CODE'!$B$6:$C$337,2,0) -> AZIZAR MD. ROSHAN
A9: 8 | B9: 245 | C9: Abu Bakkar | D9: 30115068845431 | F9: 800 | G9: 31 | H9: 0 | I9: =G9-H9 -> 31 | J9: =F9/G9*I9 -> 800 | L9: =F9/30/8*1.25*K9 -> 0 | N9: =F9/30/8*1.25*M9 -> 0 | P9: =F9/30/8*1.5*O9 -> 0 | Q9: =I9 -> 31 | R9: 200 | S9: =R9/G9*Q9 -> 200 | T9: =100/G9*I9 -> 100 | U9: 100 | V9: 0 | W9: 0 | X9: =J9+L9+N9+P9+S9+T9+U9+V9-W9 -> 1200 | AA9: =J9 -> 800 | AB9: =X9-AA9 -> 400 | AC9: =AE9+AB9 -> #N/A | AD9: =X9-AC9 -> #N/A | AE9: =VLOOKUP(B9,[2]Sheet1!$B$4:$J$188,9,0) -> #N/A | AF9: =X9-AE9 -> #N/A | AG9: =VLOOKUP(B9,'[3]MASTER -COLOR CODE'!$B$6:$C$337,2,0) -> ABU BAKKAR LATE ABDUL GONU MIAH
A10: 9 | B10: 247 | C10: NAZRUL ABDUL MALAK | D10: 30111058345445 | F10: 800 | G10: 31 | H10: 0 | I10: =G10-H10 -> 31 | J10: =F10/G10*I10 -> 800 | L10: =F10/30/8*1.25*K10 -> 0 | N10: =F10/30/8*1.25*M10 -> 0 | P10: =F10/30/8*1.5*O10 -> 0 | Q10: =I10 -> 31 | R10: 200 | S10: =R10/G10*Q10 -> 200 | T10: =100/G10*I10 -> 100 | U10: 100 | V10: 0 | W10: 0 | X10: =J10+L10+N10+P10+S10+T10+U10+V10-W10 -> 1200 | AA10: =J10 -> 800 | AB10: =X10-AA10 -> 400 | AC10: =AE10+AB10 -> #N/A | AD10: =X10-AC10 -> #N/A | AE10: =VLOOKUP(B10,[2]Sheet1!$B$4:$J$188,9,0) -> #N/A | AF10: =X10-AE10 -> #N/A | AG10: =VLOOKUP(B10,'[3]MASTER -COLOR CODE'!$B$6:$C$337,2,0) -> NAZRUL ABDUL MALAK
A11: 10 | B11: 250 | C11: JAKIR HOSSAIN SIRAJ UDDOULA | D11: 30121088324437 | F11: 800 | G11: 31 | H11: 0 | I11: =G11-H11 -> 31 | J11: =F11/G11*I11 -> 800 | L11: =F11/30/8*1.25*K11 -> 0 | N11: =F11/30/8*1.25*M11 -> 0 | P11: =F11/30/8*1.5*O11 -> 0 | Q11: =I11 -> 31 | R11: 200 | S11: =R11/G11*Q11 -> 200 | T11: =100/G11*I11 -> 100 | U11: 100 | V11: 0 | W11: 0 | X11: =J11+L11+N11+P11+S11+T11+U11+V11-W11 -> 1200 | AA11: =J11 -> 800 | AB11: =X11-AA11 -> 400 | AC11: =AE11+AB11 -> #N/A | AD11: =X11-AC11 -> #N/A | AE11: =VLOOKUP(B11,[2]Sheet1!$B$4:$J$188,9,0) -> #N/A | AF11: =X11-AE11 -> #N/A | AG11: =VLOOKUP(B11,'[3]MASTER -COLOR CODE'!$B$6:$C$337,2,0) -> JAKIR HOSSAIN SIRAJ UDDOULA
A12: 11 | B12: 265 | C12: Jamal Abdul Rahman | D12: 30115037745449 | F12: 800 | G12: 31 | H12: 0 | I12: =G12-H12 -> 31 | J12: =F12/G12*I12 -> 800 | L12: =F12/30/8*1.25*K12 -> 0 | N12: =F12/30/8*1.25*M12 -> 0 | P12: =F12/30/8*1.5*O12 -> 0 | Q12: =I12 -> 31 | R12: 200 | S12: =R12/G12*Q12 -> 200 | T12: =100/G12*I12 -> 100 | U12: 200 | V12: 0 | W12: 0 | X12: =J12+L12+N12+P12+S12+T12+U12+V12-W12 -> 1300 | AA12: =J12 -> 800 | AB12: =X12-AA12 -> 500 | AC12: =AE12+AB12 -> #N/A | AD12: =X12-AC12 -> #N/A | AE12: =VLOOKUP(B12,[2]Sheet1!$B$4:$J$188,9,0) -> #N/A | AF12: =X12-AE12 -> #N/A | AG12: =VLOOKUP(B12,'[3]MASTER -COLOR CODE'!$B$6:$C$337,2,0) -> JAMAL ABDUL RAHMAN
A13: 12 | B13: 412 | C13: DEBU BAIRAGI BAIRAGI DHIREN | D13: 10003037114062 | F13: 800 | G13: 31 | H13: 2 | I13: =G13-H13 -> 29 | J13: =F13/G13*I13 -> 748.3871 | L13: =F13/30/8*1.25*K13 -> 0 | N13: =F13/30/8*1.25*M13 -> 0 | P13: =F13/30/8*1.5*O13 -> 0 | Q13: =I13 -> 29 | R13: 200 | S13: =R13/G13*Q13 -> 187.09677 | T13: =100/G13*I13 -> 93.548387 | U13: 200 | V13: 0 | W13: 0 | X13: =J13+L13+N13+P13+S13+T13+U13+V13-W13 -> 1229.0323 | AA13: =J13 -> 748.3871 | AB13: =X13-AA13 -> 480.64516 | AC13: =AE13+AB13 -> #N/A | AD13: =X13-AC13 -> #N/A | AE13: =VLOOKUP(B13,[2]Sheet1!$B$4:$J$188,9,0) -> #N/A | AF13: =X13-AE13 -> #N/A | AG13: =VLOOKUP(B13,'[3]MASTER -COLOR CODE'!$B$6:$C$337,2,0) -> DEBU BAIRAGI BAIRAGI DHIREN
A14: 13 | B14: 469 | C14: LALAN PRASAD INDRASAN PRASAD | D14: 10004028926930 | F14: 800 | G14: 31 | H14: 3 | I14: =G14-H14 -> 28 | J14: =F14/G14*I14 -> 722.58065 | L14: =F14/30/8*1.25*K14 -> 0 | N14: =F14/30/8*1.25*M14 -> 0 | P14: =F14/30/8*1.5*O14 -> 0 | Q14: =I14 -> 28 | R14: 200 | S14: =R14/G14*Q14 -> 180.64516 | T14: 100 | U14: 200 | V14: 0 | W14: 0 | X14: =J14+L14+N14+P14+S14+T14+U14+V14-W14 -> 1203.2258 | AA14: =J14 -> 722.58065 | AB14: =X14-AA14 -> 480.64516 | AC14: =AE14+AB14 -> #N/A | AD14: =X14-AC14 -> #N/A | AE14: =VLOOKUP(B14,[2]Sheet1!$B$4:$J$188,9,0) -> #N/A | AF14: =X14-AE14 -> #N/A | AG14: =VLOOKUP(B14,'[3]MASTER -COLOR CODE'!$B$6:$C$337,2,0) -> LALAN PARSAD
A15: 14 | B15: 505 | C15: LAKSHMAN BISWAS ANANDA | D15: 10002048850784 | F15: 800 | G15: 31 | H15: 0 | I15: =G15-H15 -> 31 | J15: =F15/G15*I15 -> 800 | L15: =F15/30/8*1.25*K15 -> 0 | N15: =F15/30/8*1.25*M15 -> 0 | P15: =F15/30/8*1.5*O15 -> 0 | Q15: =I15 -> 31 | R15: 200 | S15: =R15/G15*Q15 -> 200 | T15: =100/G15*I15 -> 100 | U15: 200 | V15: 0 | W15: 0 | X15: =J15+L15+N15+P15+S15+T15+U15+V15-W15 -> 1300 | AA15: =J15 -> 800 | AB15: =X15-AA15 -> 500 | AC15: =AE15+AB15 -> #N/A | AD15: =X15-AC15 -> #N/A | AE15: =VLOOKUP(B15,[2]Sheet1!$B$4:$J$188,9,0) -> #N/A | AF15: =X15-AE15 -> #N/A | AG15: =VLOOKUP(B15,'[3]MASTER -COLOR CODE'!$B$6:$C$337,2,0) -> LAKSHMAN BISWAS ANANDA
A16: 15 | B16: 583 | C16: Inayat Ullah | D16: 20006118663043 | F16: 700 | G16: 31 | H16: 0 | I16: =G16-H16 -> 31 | J16: =F16/G16*I16 -> 700 | L16: =F16/30/8*1.25*K16 -> 0 | N16: =F16/30/8*1.25*M16 -> 0 | P16: =F16/30/8*1.5*O16 -> 0 | Q16: =I16 -> 31 | R16: 200 | S16: =R16/G16*Q16 -> 200 | T16: =100/G16*I16 -> 100 | U16: 100 | V16: 0 | W16: 0 | X16: =J16+L16+N16+P16+S16+T16+U16+V16-W16 -> 1100 | AA16: =J16 -> 700 | AB16: =X16-AA16 -> 400 | AC16: =AE16+AB16 -> #N/A | AD16: =X16-AC16 -> #N/A | AE16: =VLOOKUP(B16,[2]Sheet1!$B$4:$J$188,9,0) -> #N/A | AF16: =X16-AE16 -> #N/A | AG16: =VLOOKUP(B16,'[3]MASTER -COLOR CODE'!$B$6:$C$337,2,0) -> INAYAT ULLAH SAHIB ZADA
A17: 16 | B17: 603 | C17: TAUSEEF ALI BAGHDAD SHAH | D17: 20001019222955 | F17: 700 | G17: 31 | H17: 0 | I17: =G17-H17 -> 31 | J17: =F17/G17*I17 -> 700 | L17: =F17/30/8*1.25*K17 -> 0 | N17: =F17/30/8*1.25*M17 -> 0 | P17: =F17/30/8*1.5*O17 -> 0 | Q17: =I17 -> 31 | R17: 200 | S17: =R17/G17*Q17 -> 200 | T17: 100 | U17: 100 | V17: 0 | W17: 0 | X17: =J17+L17+N17+P17+S17+T17+U17+V17-W17 -> 1100 | AA17: =J17 -> 700 | AB17: =X17-AA17 -> 400 | AC17: =AE17+AB17 -> #N/A | AD17: =X17-AC17 -> #N/A | AE17: =VLOOKUP(B17,[2]Sheet1!$B$4:$J$188,9,0) -> #N/A | AF17: =X17-AE17 -> #N/A | AG17: =VLOOKUP(B17,'[3]MASTER -COLOR CODE'!$B$6:$C$337,2,0) -> TOUSEEF ALI
A18: 17 | B18: 604 | C18: Imdad Ali | F18: 700 | G18: 31 | H18: 0 | I18: =G18-H18 -> 31 | J18: =F18/G18*I18 -> 700 | L18: =F18/30/8*1.25*K18 -> 0 | N18: =F18/30/8*1.25*M18 -> 0 | P18: =F18/30/8*1.5*O18 -> 0 | Q18: =I18 -> 31 | R18: 200 | S18: =R18/G18*Q18 -> 200 | T18: 100 | U18: 200 | V18: 0 | W18: 0 | X18: =J18+L18+N18+P18+S18+T18+U18+V18-W18 -> 1200 | AA18: =J18 -> 700 | AB18: =X18-AA18 -> 500 | AC18: =AE18+AB18 -> #N/A | AD18: =X18-AC18 -> #N/A | AE18: =VLOOKUP(B18,[2]Sheet1!$B$4:$J$188,9,0) -> #N/A | AF18: =X18-AE18 -> #N/A | AG18: =VLOOKUP(B18,'[3]MASTER -COLOR CODE'!$B$6:$C$337,2,0) -> IMDAD ALI BHUTO
A19: 18 | B19: 606 | C19: AZEEM KHAN | D19: 30110108452099 | F19: 900 | G19: 31 | H19: 31 | I19: =G19-H19 -> 0 | J19: =F19/G19*I19 -> 0 | L19: =F19/30/8*1.25*K19 -> 0 | N19: =F19/30/8*1.25*M19 -> 0 | P19: =F19/30/8*1.5*O19 -> 0 | Q19: =I19 -> 0 | R19: 200 | S19: 200 | T19: 100 | U19: 200 | V19: 0 | W19: 0 | X19: =J19+L19+N19+P19+S19+T19+U19+V19-W19 -> 500 | AA19: =J19 -> 0 | AB19: =X19-AA19 -> 500 | AC19: =AE19+AB19 -> #N/A | AD19: =X19-AC19 -> #N/A | AE19: =VLOOKUP(B19,[2]Sheet1!$B$4:$J$188,9,0) -> #N/A | AF19: =X19-AE19 -> #N/A | AG19: =VLOOKUP(B19,'[3]MASTER -COLOR CODE'!$B$6:$C$337,2,0) -> AZEEM KHAN
A20: 19 | B20: 626 | C20: RIYAJUDDEEN ANSARI RAHAMAN ANSARI | D20: 10025038772389 | F20: 900 | G20: 31 | H20: 0 | I20: =G20-H20 -> 31 | J20: =F20/G20*I20 -> 900 | L20: =F20/30/8*1.25*K20 -> 0 | N20: =F20/30/8*1.25*M20 -> 0 | P20: =F20/30/8*1.5*O20 -> 0 | Q20: =I20 -> 31 | R20: 200 | S20: =R20/G20*Q20 -> 200 | T20: 100 | U20: 0 | V20: 0 | W20: 0 | X20: =J20+L20+N20+P20+S20+T20+U20+V20-W20 -> 1200 | AA20: =J20 -> 900 | AB20: =X20-AA20 -> 300 | AC20: =AE20+AB20 -> #N/A | AD20: =X20-AC20 -> #N/A | AE20: =VLOOKUP(B20,[2]Sheet1!$B$4:$J$188,9,0) -> #N/A | AF20: =X20-AE20 -> #N/A | AG20: =VLOOKUP(B20,'[3]MASTER -COLOR CODE'!$B$6:$C$337,2,0) -> RIYAJUDDEEN ANSARI
A21: 20 | B21: 628 | C21: DIPAK RAM BABAN RAM | D21: 10005108839927 | F21: 900 | G21: 31 | H21: 0 | I21: =G21-H21 -> 31 | J21: =F21/G21*I21 -> 900 | L21: =F21/30/8*1.25*K21 -> 0 | N21: =F21/30/8*1.25*M21 -> 0 | P21: =F21/30/8*1.5*O21 -> 0 | Q21: =I21 -> 31 | R21: 200 | S21: =R21/G21*Q21 -> 200 | T21: 0 | U21: 0 | V21: 0 | W21: 0 | X21: =J21+L21+N21+P21+S21+T21+U21+V21-W21 -> 1100 | AA21: =J21 -> 900 | AB21: =X21-AA21 -> 200 | AC21: =AE21+AB21 -> #N/A | AD21: =X21-AC21 -> #N/A | AE21: =VLOOKUP(B21,[2]Sheet1!$B$4:$J$188,9,0) -> #N/A | AF21: =X21-AE21 -> #N/A | AG21: =VLOOKUP(B21,'[3]MASTER -COLOR CODE'!$B$6:$C$337,2,0) -> DIPAK RAM
A22: 21 | B22: 631 | C22: Arsalan | D22: 20019089539915 | F22: 700 | G22: 31 | H22: 0 | I22: =G22-H22 -> 31 | J22: =F22/G22*I22 -> 700 | L22: =F22/30/8*1.25*K22 -> 0 | N22: =F22/30/8*1.25*M22 -> 0 | P22: =F22/30/8*1.5*O22 -> 0 | Q22: =I22 -> 31 | R22: 200 | S22: =R22/G22*Q22 -> 200 | T22: 0 | U22: 0 | V22: 0 | W22: 0 | X22: =J22+L22+N22+P22+S22+T22+U22+V22-W22 -> 900 | AA22: =J22 -> 700 | AB22: 266 | AC22: =AA22+AB22 -> 966 | AD22: =X22-AC22 -> -66 | AE22: =VLOOKUP(B22,[2]Sheet1!$B$4:$J$188,9,0) -> #N/A | AF22: =X22-AE22 -> #N/A | AG22: =VLOOKUP(B22,'[3]MASTER -COLOR CODE'!$B$6:$C$337,2,0) -> ARSLAN MAHMOOD
A23: 22 | B23: 652 | C23: RAM VILASH SINGH YADAV | D23: 10001017970483 | F23: 900 | G23: 31 | H23: 0 | I23: =G23-H23 -> 31 | J23: =F23/G23*I23 -> 900 | L23: =F23/30/8*1.25*K23 -> 0 | N23: =F23/30/8*1.25*M23 -> 0 | P23: =F23/30/8*1.5*O23 -> 0 | Q23: =I23 -> 31 | R23: 200 | S23: =R23/G23*Q23 -> 200 | T23: 100 | U23: 0 | V23: 0 | W23: 0 | X23: =J23+L23+N23+P23+S23+T23+U23+V23-W23 -> 1200 | AA23: =J23 -> 900 | AB23: =X23-AA23 -> 300 | AC23: =AE23+AB23 -> #N/A | AD23: =X23-AC23 -> #N/A | AE23: =VLOOKUP(B23,[2]Sheet1!$B$4:$J$188,9,0) -> #N/A | AF23: =X23-AE23 -> #N/A | AG23: =VLOOKUP(B23,'[3]MASTER -COLOR CODE'!$B$6:$C$337,2,0) -> RAM VILASH SINGH YADAV
A24: 23 | B24: 654 | C24: RAJNESH SVAMEENATH | D24: 10001128170446 | F24: 900 | G24: 31 | H24: 1 | I24: =G24-H24 -> 30 | J24: =F24/G24*I24 -> 870.96774 | L24: =F24/30/8*1.25*K24 -> 0 | N24: =F24/30/8*1.25*M24 -> 0 | P24: =F24/30/8*1.5*O24 -> 0 | Q24: =I24 -> 30 | R24: 200 | S24: =R24/G24*Q24 -> 193.54839 | T24: 0 | U24: 0 | V24: 0 | W24: 0 | X24: =J24+L24+N24+P24+S24+T24+U24+V24-W24 -> 1064.5161 | AA24: =J24 -> 870.96774 | AB24: =X24-AA24 -> 193.54839 | AC24: =AE24+AB24 -> #N/A | AD24: =X24-AC24 -> #N/A | AE24: =VLOOKUP(B24,[2]Sheet1!$B$4:$J$188,9,0) -> #N/A | AF24: =X24-AE24 -> #N/A | AG24: =VLOOKUP(B24,'[3]MASTER -COLOR CODE'!$B$6:$C$337,2,0) -> RAJNESH SVAMEENADH
A25: 24 | B25: 662 | C25: SHAILESH YADAV VEERA YADAV | D25: 10005029571583 | F25: 900 | G25: 31 | H25: 0 | I25: =G25-H25 -> 31 | J25: =F25/G25*I25 -> 900 | L25: =F25/30/8*1.25*K25 -> 0 | N25: =F25/30/8*1.25*M25 -> 0 | P25: =F25/30/8*1.5*O25 -> 0 | Q25: =I25 -> 31 | R25: 200 | S25: =R25/G25*Q25 -> 200 | T25: =100/G25*I25 -> 100 | U25: 0 | V25: 0 | W25: 0 | X25: =J25+L25+N25+P25+S25+T25+U25+V25-W25 -> 1200 | AA25: =J25 -> 900 | AB25: =X25-AA25 -> 300 | AC25: =AE25+AB25 -> #N/A | AD25: =X25-AC25 -> #N/A | AE25: =VLOOKUP(B25,[2]Sheet1!$B$4:$J$188,9,0) -> #N/A | AF25: =X25-AE25 -> #N/A | AG25: =VLOOKUP(B25,'[3]MASTER -COLOR CODE'!$B$6:$C$337,2,0) -> SHAILESH YADAV
A26: 25 | B26: 669 | C26: Mahendra Thapa | F26: 700 | G26: 31 | H26: 0 | I26: =G26-H26 -> 31 | J26: =F26/G26*I26 -> 700 | L26: =F26/30/8*1.25*K26 -> 0 | N26: =F26/30/8*1.25*M26 -> 0 | P26: =F26/30/8*1.5*O26 -> 0 | Q26: =I26 -> 31 | R26: 200 | S26: =R26/G26*Q26 -> 200 | T26: =100/G26*I26 -> 100 | U26: 0 | V26: 0 | W26: 0 | X26: =J26+L26+N26+P26+S26+T26+U26+V26-W26 -> 1000 | AA26: =J26 -> 700 | AB26: =X26-AA26 -> 300 | AC26: =AE26+AB26 -> #N/A | AD26: =X26-AC26 -> #N/A | AE26: =VLOOKUP(B26,[2]Sheet1!$B$4:$J$188,9,0) -> #N/A | AF26: =X26-AE26 -> #N/A | AG26: =VLOOKUP(B26,'[3]MASTER -COLOR CODE'!$B$6:$C$337,2,0) -> MAHENDRA THAPA
A27: 26 | B27: 670 | C27: BIKRAM YADAV TILAKRAM YADAV | D27: 31621058353025 | F27: 700 | G27: 31 | H27: 0 | I27: =G27-H27 -> 31 | J27: =F27/G27*I27 -> 700 | L27: =F27/30/8*1.25*K27 -> 0 | N27: =F27/30/8*1.25*M27 -> 0 | P27: =F27/30/8*1.5*O27 -> 0 | Q27: =I27 -> 31 | R27: 200 | S27: =R27/G27*Q27 -> 200 | T27: =100/G27*I27 -> 100 | U27: 0 | V27: 0 | W27: 0 | X27: =J27+L27+N27+P27+S27+T27+U27+V27-W27 -> 1000 | AA27: =J27 -> 700 | AB27: =X27-AA27 -> 300 | AC27: =AE27+AB27 -> #N/A | AD27: =X27-AC27 -> #N/A | AE27: =VLOOKUP(B27,[2]Sheet1!$B$4:$J$188,9,0) -> #N/A | AF27: =X27-AE27 -> #N/A | AG27: =VLOOKUP(B27,'[3]MASTER -COLOR CODE'!$B$6:$C$337,2,0) -> BIKRAM YADAV
A28: 27 | B28: 675 | C28: GORAY RAWAL RIULYA RAWAL | D28: 31602018468010 | F28: 700 | G28: 31 | H28: 31 | I28: =G28-H28 -> 0 | J28: =F28/G28*I28 -> 0 | L28: =F28/30/8*1.25*K28 -> 0 | N28: =F28/30/8*1.25*M28 -> 0 | P28: =F28/30/8*1.5*O28 -> 0 | Q28: =I28 -> 0 | R28: 200 | S28: =R28/G28*Q28 -> 0 | T28: =100/G28*I28 -> 0 | U28: 0 | V28: 0 | W28: 0 | X28: =J28+L28+N28+P28+S28+T28+U28+V28-W28 -> 0 | AA28: =J28 -> 0 | AB28: =X28-AA28 -> 0 | AC28: =AE28+AB28 -> #N/A | AD28: =X28-AC28 -> #N/A | AE28: =VLOOKUP(B28,[2]Sheet1!$B$4:$J$188,9,0) -> #N/A | AF28: =X28-AE28 -> #N/A | AG28: =VLOOKUP(B28,'[3]MASTER -COLOR CODE'!$B$6:$C$337,2,0) -> GORAY RAWAL
A29: 28 | B29: 681 | C29: KHALIQ NOOR BADSHAH KHAN | D29: 20019069341390 | F29: 700 | G29: 31 | H29: 1 | I29: =G29-H29 -> 30 | J29: =F29/G29*I29 -> 677.41935 | L29: =F29/30/8*1.25*K29 -> 0 | N29: =F29/30/8*1.25*M29 -> 0 | P29: =F29/30/8*1.5*O29 -> 0 | Q29: =I29 -> 30 | R29: 200 | S29: =R29/G29*Q29 -> 193.54839 | T29: =100/G29*I29 -> 96.774194 | U29: 0 | V29: 0 | W29: 0 | X29: =J29+L29+N29+P29+S29+T29+U29+V29-W29 -> 967.74194 | AA29: =J29 -> 677.41935 | AB29: =X29-AA29 -> 290.32258 | AC29: =AE29+AB29 -> #N/A | AD29: =X29-AC29 -> #N/A | AE29: =VLOOKUP(B29,[2]Sheet1!$B$4:$J$188,9,0) -> #N/A | AF29: =X29-AE29 -> #N/A | AG29: =VLOOKUP(B29,'[3]MASTER -COLOR CODE'!$B$6:$C$337,2,0) -> KHALIQ NOOR BADSHAH
A30: 29 | B30: 693 | C30: AMIT KUMAR UPADHYAY | D30: 10018108203364 | F30: 800 | G30: 31 | H30: 0 | I30: =G30-H30 -> 31 | J30: =F30/G30*I30 -> 800 | L30: =F30/30/8*1.25*K30 -> 0 | N30: =F30/30/8*1.25*M30 -> 0 | P30: =F30/30/8*1.5*O30 -> 0 | Q30: =I30 -> 31 | R30: 200 | S30: =R30/G30*Q30 -> 200 | T30: =100/G30*I30 -> 100 | U30: 0 | V30: 0 | W30: 0 | X30: =J30+L30+N30+P30+S30+T30+U30+V30-W30 -> 1100 | AA30: =J30 -> 800 | AB30: =X30-AA30 -> 300 | AC30: =AE30+AB30 -> #N/A | AD30: =X30-AC30 -> #N/A | AE30: =VLOOKUP(B30,[2]Sheet1!$B$4:$J$188,9,0) -> #N/A | AF30: =X30-AE30 -> #N/A | AG30: =VLOOKUP(B30,'[3]MASTER -COLOR CODE'!$B$6:$C$337,2,0) -> AMIT KUMAR
A31: 30 | B31: 694 | C31: FAJALE ALAM | D31: 10016058097851 | F31: 800 | G31: 31 | H31: 31 | I31: =G31-H31 -> 0 | J31: =F31/G31*I31 -> 0 | L31: =F31/30/8*1.25*K31 -> 0 | N31: =F31/30/8*1.25*M31 -> 0 | P31: =F31/30/8*1.5*O31 -> 0 | Q31: =I31 -> 0 | R31: 200 | S31: =R31/G31*Q31 -> 0 | T31: =100/G31*I31 -> 0 | U31: 0 | V31: 0 | W31: 0 | X31: =J31+L31+N31+P31+S31+T31+U31+V31-W31 -> 0 | AA31: =J31 -> 0 | AB31: =X31-AA31 -> 0 | AC31: =AE31+AB31 -> #N/A | AD31: =X31-AC31 -> #N/A | AE31: =VLOOKUP(B31,[2]Sheet1!$B$4:$J$188,9,0) -> #N/A | AF31: =X31-AE31 -> #N/A | AG31: =VLOOKUP(B31,'[3]MASTER -COLOR CODE'!$B$6:$C$337,2,0) -> FAJALE ALAM FERASAT ALAM
A32: 31 | B32: 695 | C32: TEJ BAHADUR RANA | D32: 31629018468120 | F32: 700 | G32: 31 | H32: 0 | I32: =G32-H32 -> 31 | J32: =F32/G32*I32 -> 700 | L32: =F32/30/8*1.25*K32 -> 0 | N32: =F32/30/8*1.25*M32 -> 0 | P32: =F32/30/8*1.5*O32 -> 0 | Q32: =I32 -> 31 | R32: 200 | S32: =R32/G32*Q32 -> 200 | T32: =100/G32*I32 -> 100 | U32: 0 | V32: 0 | W32: 0 | X32: =J32+L32+N32+P32+S32+T32+U32+V32-W32 -> 1000 | AA32: =J32 -> 700 | AB32: =X32-AA32 -> 300 | AC32: =AE32+AB32 -> #N/A | AD32: =X32-AC32 -> #N/A | AE32: =VLOOKUP(B32,[2]Sheet1!$B$4:$J$188,9,0) -> #N/A | AF32: =X32-AE32 -> #N/A | AG32: =VLOOKUP(B32,'[3]MASTER -COLOR CODE'!$B$6:$C$337,2,0) -> TEJ BAHADUR RANA
A33: 32 | B33: 790 | C33: RABINDRA DAS TATMA | D33: 31624019175423 | F33: 700 | G33: 31 | H33: 0 | I33: =G33-H33 -> 31 | J33: =F33/G33*I33 -> 700 | L33: =F33/30/8*1.25*K33 -> 0 | N33: =F33/30/8*1.25*M33 -> 0 | P33: =F33/30/8*1.5*O33 -> 0 | Q33: =I33 -> 31 | R33: 200 | S33: =R33/G33*Q33 -> 200 | T33: 0 | U33: 100 | V33: 0 | W33: 0 | X33: =J33+L33+N33+P33+S33+T33+U33+V33-W33 -> 1000 | AA33: =J33 -> 700 | AB33: =X33-AA33 -> 300 | AC33: =AE33+AB33 -> #N/A | AD33: =X33-AC33 -> #N/A | AE33: =VLOOKUP(B33,[2]Sheet1!$B$4:$J$188,9,0) -> #N/A | AF33: =X33-AE33 -> #N/A | AG33: =VLOOKUP(B33,'[3]MASTER -COLOR CODE'!$B$6:$C$337,2,0) -> RABINDRA DAS TATMA
A34: 33 | B34: 814 | C34: SANJAY KUMAR MANDAL | D34: 31606019267844 | F34: 700 | G34: 31 | H34: 0 | I34: =G34-H34 -> 31 | J34: =F34/G34*I34 -> 700 | L34: =F34/30/8*1.25*K34 -> 0 | N34: =F34/30/8*1.25*M34 -> 0 | P34: =F34/30/8*1.5*O34 -> 0 | Q34: =I34 -> 31 | R34: 200 | S34: =R34/G34*Q34 -> 200 | T34: =100/G34*I34 -> 100 | U34: 100 | V34: 0 | W34: 0 | X34: =J34+L34+N34+P34+S34+T34+U34+V34-W34 -> 1100 | AA34: =J34 -> 700 | AB34: =X34-AA34 -> 400 | AC34: =AE34+AB34 -> #N/A | AD34: =X34-AC34 -> #N/A | AE34: =VLOOKUP(B34,[2]Sheet1!$B$4:$J$188,9,0) -> #N/A | AF34: =X34-AE34 -> #N/A | AG34: =VLOOKUP(B34,'[3]MASTER -COLOR CODE'!$B$6:$C$337,2,0) -> SANJAY KUMAR MANDAL G
A35: 34 | B35: 818 | C35: Manoj Yadav | D35: 10001018146194 | F35: 900 | G35: 31 | H35: 0 | I35: =G35-H35 -> 31 | J35: =F35/G35*I35 -> 900 | L35: =F35/30/8*1.25*K35 -> 0 | N35: =F35/30/8*1.25*M35 -> 0 | P35: =F35/30/8*1.5*O35 -> 0 | Q35: =I35 -> 31 | R35: 200 | S35: =R35/G35*Q35 -> 200 | T35: 0 | U35: 100 | V35: 0 | W35: 0 | X35: =J35+L35+N35+P35+S35+T35+U35+V35-W35 -> 1200 | AA35: =J35 -> 900 | AB35: =X35-AA35 -> 300 | AC35: =AE35+AB35 -> #N/A | AD35: =X35-AC35 -> #N/A | AE35: =VLOOKUP(B35,[2]Sheet1!$B$4:$J$188,9,0) -> #N/A | AF35: =X35-AE35 -> #N/A | AG35: =VLOOKUP(B35,'[3]MASTER -COLOR CODE'!$B$6:$C$337,2,0) -> MANOJ YADAV
A36: 35 | B36: 821 | C36: Shankar singh | D36: 10013098624851 | F36: 900 | G36: 31 | H36: 0 | I36: =G36-H36 -> 31 | J36: =F36/G36*I36 -> 900 | L36: =F36/30/8*1.25*K36 -> 0 | N36: =F36/30/8*1.25*M36 -> 0 | P36: =F36/30/8*1.5*O36 -> 0 | Q36: =I36 -> 31 | R36: 200 | S36: =R36/G36*Q36 -> 200 | T36: 0 | U36: 100 | V36: 0 | W36: 0 | X36: =J36+L36+N36+P36+S36+T36+U36+V36-W36 -> 1200 | AA36: =J36 -> 900 | AB36: =X36-AE36 -> #N/A | AC36: =AE36+AB36 -> #N/A | AD36: =X36-AC36 -> #N/A | AE36: =VLOOKUP(B36,[2]Sheet1!$B$4:$J$188,9,0) -> #N/A | AF36: =X36-AE36 -> #N/A | AG36: =VLOOKUP(B36,'[3]MASTER -COLOR CODE'!$B$6:$C$337,2,0) -> SHANKAR SINGH
A37: 36 | B37: 836 | C37: Girijesh Paras Nath | D37: 10001018730320 | F37: 700 | G37: 31 | H37: 0 | I37: =G37-H37 -> 31 | J37: =F37/G37*I37 -> 700 | L37: =F37/30/8*1.25*K37 -> 0 | N37: =F37/30/8*1.25*M37 -> 0 | P37: =F37/30/8*1.5*O37 -> 0 | Q37: =I37 -> 31 | R37: 200 | S37: =R37/G37*Q37 -> 200 | T37: =100/G37*I37 -> 100 | U37: 100 | V37: 0 | W37: 0 | X37: =J37+L37+N37+P37+S37+T37+U37+V37-W37 -> 1100 | AA37: =J37 -> 700 | AB37: =X37-AA37 -> 400 | AC37: =AE37+AB37 -> #N/A | AD37: =X37-AC37 -> #N/A | AE37: =VLOOKUP(B37,[2]Sheet1!$B$4:$J$188,9,0) -> #N/A | AF37: =X37-AE37 -> #N/A | AG37: =VLOOKUP(B37,'[3]MASTER -COLOR CODE'!$B$6:$C$337,2,0) -> GIRIJESH GOUTAM
A38: 37 | B38: 837 | C38: Ram lakhan | D38: 10016029156624 | F38: 900 | G38: 31 | H38: 3 | I38: =G38-H38 -> 28 | J38: =F38/G38*I38 -> 812.90323 | L38: =F38/30/8*1.25*K38 -> 0 | N38: =F38/30/8*1.25*M38 -> 0 | P38: =F38/30/8*1.5*O38 -> 0 | Q38: =I38 -> 28 | R38: 200 | S38: =R38/G38*Q38 -> 180.64516 | T38: 0 | U38: 100 | V38: 0 | W38: 0 | X38: =J38+L38+N38+P38+S38+T38+U38+V38-W38 -> 1093.5484 | AA38: =J38 -> 812.90323 | AB38: =X38-AA38 -> 280.64516 | AC38: =AE38+AB38 -> #N/A | AD38: =X38-AC38 -> #N/A | AE38: =VLOOKUP(B38,[2]Sheet1!$B$4:$J$188,9,0) -> #N/A | AF38: =X38-AE38 -> #N/A | AG38: =VLOOKUP(B38,'[3]MASTER -COLOR CODE'!$B$6:$C$337,2,0) -> RAM LAKHAN
A39: 38 | B39: 840 | C39: BAKSHISH JABBAR | F39: 900 | G39: 31 | H39: 0 | I39: =G39-H39 -> 31 | J39: =F39/G39*I39 -> 900 | L39: =F39/30/8*1.25*K39 -> 0 | N39: =F39/30/8*1.25*M39 -> 0 | P39: =F39/30/8*1.5*O39 -> 0 | Q39: =I39 -> 31 | R39: 200 | S39: =R39/G39*Q39 -> 200 | T39: =100/G39*I39 -> 100 | U39: 100 | V39: 0 | W39: 0 | X39: =J39+L39+N39+P39+S39+T39+U39+V39-W39 -> 1300 | AA39: =J39 -> 900 | AB39: =X39-AA39 -> 400 | AC39: =AE39+AB39 -> #N/A | AD39: =X39-AC39 -> #N/A | AE39: =VLOOKUP(B39,[2]Sheet1!$B$4:$J$188,9,0) -> #N/A | AF39: =X39-AE39 -> #N/A | AG39: =VLOOKUP(B39,'[3]MASTER -COLOR CODE'!$B$6:$C$337,2,0) -> BAKSHISH JABBAR
A40: 39 | B40: 848 | C40: DARSHAN AMRIT PAL | D40: 10016098561592 | F40: 700 | G40: 31 | H40: 0 | I40: =G40-H40 -> 31 | J40: =F40/G40*I40 -> 700 | L40: =F40/30/8*1.25*K40 -> 0 | N40: =F40/30/8*1.25*M40 -> 0 | P40: =F40/30/8*1.5*O40 -> 0 | Q40: =I40 -> 31 | R40: 200 | S40: =R40/G40*Q40 -> 200 | T40: =100/G40*I40 -> 100 | U40: 100 | V40: 0 | W40: 0 | X40: =J40+L40+N40+P40+S40+T40+U40+V40-W40 -> 1100 | AA40: =J40 -> 700 | AB40: =X40-AA40 -> 400 | AC40: =AE40+AB40 -> #N/A | AD40: =X40-AC40 -> #N/A | AE40: =VLOOKUP(B40,[2]Sheet1!$B$4:$J$188,9,0) -> #N/A | AF40: =X40-AE40 -> #N/A | AG40: =VLOOKUP(B40,'[3]MASTER -COLOR CODE'!$B$6:$C$337,2,0) -> DARSHAN AMRIT PAL
A41: 40 | B41: 849 | C41: PARDESHI GURUSANT | D41: 10001019462216 | F41: 900 | G41: 31 | H41: 0 | I41: =G41-H41 -> 31 | J41: =F41/G41*I41 -> 900 | L41: =F41/30/8*1.25*K41 -> 0 | N41: =F41/30/8*1.25*M41 -> 0 | P41: =F41/30/8*1.5*O41 -> 0 | Q41: =I41 -> 31 | R41: 200 | S41: =R41/G41*Q41 -> 200 | T41: =100/G41*I41 -> 100 | U41: 100 | V41: 0 | W41: 0 | X41: =J41+L41+N41+P41+S41+T41+U41+V41-W41 -> 1300 | AA41: =J41 -> 900 | AB41: =X41-AA41 -> 400 | AC41: =AE41+AB41 -> #N/A | AD41: =X41-AC41 -> #N/A | AE41: =VLOOKUP(B41,[2]Sheet1!$B$4:$J$188,9,0) -> #N/A | AF41: =X41-AE41 -> #N/A | AG41: =VLOOKUP(B41,'[3]MASTER -COLOR CODE'!$B$6:$C$337,2,0) -> PARDESHI GURUSARAN
A42: 41 | B42: 867 | C42: Arvind Kumar | D42: 10001019319956 | F42: 900 | G42: 31 | H42: 0 | I42: =G42-H42 -> 31 | J42: =F42/G42*I42 -> 900 | L42: =F42/30/8*1.25*K42 -> 0 | N42: =F42/30/8*1.25*M42 -> 0 | P42: =F42/30/8*1.5*O42 -> 0 | Q42: =I42 -> 31 | R42: 200 | S42: =R42/G42*Q42 -> 200 | T42: =100/G42*I42 -> 100 | U42: 0 | V42: 0 | W42: 0 | X42: =J42+L42+N42+P42+S42+T42+U42+V42-W42 -> 1200 | AA42: =J42 -> 900 | AB42: =X42-AA42 -> 300 | AC42: =AE42+AB42 -> #N/A | AD42: =X42-AC42 -> #N/A | AE42: =VLOOKUP(B42,[2]Sheet1!$B$4:$J$188,9,0) -> #N/A | AF42: =X42-AE42 -> #N/A | AG42: =VLOOKUP(B42,'[3]MASTER -COLOR CODE'!$B$6:$C$337,2,0) -> ARAVIND KUMAR
A43: 42 | B43: 872 | C43: Sanjit Avdhmani | D43: 10001128514135 | F43: 800 | G43: 31 | H43: 0 | I43: =G43-H43 -> 31 | J43: =F43/G43*I43 -> 800 | L43: =F43/30/8*1.25*K43 -> 0 | N43: =F43/30/8*1.25*M43 -> 0 | P43: =F43/30/8*1.5*O43 -> 0 | Q43: =I43 -> 31 | R43: 200 | S43: =R43/G43*Q43 -> 200 | T43: =100/G43*I43 -> 100 | U43: 0 | V43: 0 | W43: 0 | X43: =J43+L43+N43+P43+S43+T43+U43+V43-W43 -> 1100 | AA43: =J43 -> 800 | AB43: =X43-AA43 -> 300 | AC43: =AE43+AB43 -> #N/A | AD43: =X43-AC43 -> #N/A | AE43: =VLOOKUP(B43,[2]Sheet1!$B$4:$J$188,9,0) -> #N/A | AF43: =X43-AE43 -> #N/A | AG43: =VLOOKUP(B43,'[3]MASTER -COLOR CODE'!$B$6:$C$337,2,0) -> SANJIT AVDHMANI
A44: 43 | B44: 873 | C44: Kishore Baitha | D44: 10015118329859 | F44: 800 | G44: 31 | H44: 0 | I44: =G44-H44 -> 31 | J44: =F44/G44*I44 -> 800 | L44: =F44/30/8*1.25*K44 -> 0 | N44: =F44/30/8*1.25*M44 -> 0 | P44: =F44/30/8*1.5*O44 -> 0 | Q44: =I44 -> 31 | R44: 200 | S44: =R44/G44*Q44 -> 200 | T44: =100/G44*I44 -> 100 | U44: 0 | V44: 0 | W44: 0 | X44: =J44+L44+N44+P44+S44+T44+U44+V44-W44 -> 1100 | AA44: =J44 -> 800 | AB44: =X44-AE44 -> #N/A | AC44: =AE44+AB44 -> #N/A | AD44: =X44-AC44 -> #N/A | AE44: =VLOOKUP(B44,[2]Sheet1!$B$4:$J$188,9,0) -> #N/A | AF44: =X44-AE44 -> #N/A | AG44: =VLOOKUP(B44,'[3]MASTER -COLOR CODE'!$B$6:$C$337,2,0) -> KISHOR BAITHA
A45: 44 | B45: 876 | C45: ACHINTYA ROY CHITTAR | D45: 30110108452099 | F45: 800 | G45: 31 | H45: 0 | I45: =G45-H45 -> 31 | J45: =F45/G45*I45 -> 800 | L45: =F45/30/8*1.25*K45 -> 0 | N45: =F45/30/8*1.25*M45 -> 0 | P45: =F45/30/8*1.5*O45 -> 0 | Q45: =I45 -> 31 | R45: 200 | S45: =R45/G45*Q45 -> 200 | T45: 0 | U45: 0 | V45: 0 | W45: 0 | X45: =J45+L45+N45+P45+S45+T45+U45+V45-W45 -> 1000 | AA45: =J45 -> 800 | AB45: =X45-AA45 -> 200 | AC45: =AE45+AB45 -> #N/A | AD45: =X45-AC45 -> #N/A | AE45: =VLOOKUP(B45,[2]Sheet1!$B$4:$J$188,9,0) -> #N/A | AF45: =X45-AE45 -> #N/A | AG45: =VLOOKUP(B45,'[3]MASTER -COLOR CODE'!$B$6:$C$337,2,0) -> ACHINTA ROY
A46: 45 | B46: 881 | C46: Suresh Bista | F46: 700 | G46: 31 | H46: 0 | I46: =G46-H46 -> 31 | J46: =F46/G46*I46 -> 700 | L46: =F46/30/8*1.25*K46 -> 0 | N46: =F46/30/8*1.25*M46 -> 0 | P46: =F46/30/8*1.5*O46 -> 0 | Q46: =I46 -> 31 | R46: 200 | S46: =R46/G46*Q46 -> 200 | T46: =100/G46*I46 -> 100 | U46: 100 | V46: 0 | W46: 0 | X46: =J46+L46+N46+P46+S46+T46+U46+V46-W46 -> 1100 | AA46: =J46 -> 700 | AB46: =X46-AA46 -> 400 | AC46: =AE46+AB46 -> #N/A | AD46: =X46-AC46 -> #N/A | AE46: =VLOOKUP(B46,[2]Sheet1!$B$4:$J$188,9,0) -> #N/A | AF46: =X46-AE46 -> #N/A | AG46: =VLOOKUP(B46,'[3]MASTER -COLOR CODE'!$B$6:$C$337,2,0) -> SURESH BISTA
A47: 46 | B47: 883 | C47: AHAMD ANSARI ATABUL | D47: 30110108452099 | F47: 700 | G47: 31 | H47: 31 | I47: =G47-H47 -> 0 | J47: =F47/G47*I47 -> 0 | L47: =F47/30/8*1.25*K47 -> 0 | N47: =F47/30/8*1.25*M47 -> 0 | P47: =F47/30/8*1.5*O47 -> 0 | Q47: =I47 -> 0 | R47: 200 | S47: =R47/G47*Q47 -> 0 | T47: =100/G47*I47 -> 0 | U47: 100 | V47: 0 | W47: 0 | X47: =J47+L47+N47+P47+S47+T47+U47+V47-W47 -> 100 | AA47: =J47 -> 0 | AB47: =X47-AA47 -> 100 | AC47: =AE47+AB47 -> #N/A | AD47: =X47-AC47 -> #N/A | AE47: =VLOOKUP(B47,[2]Sheet1!$B$4:$J$188,9,0) -> #N/A | AF47: =X47-AE47 -> #N/A | AG47: =VLOOKUP(B47,'[3]MASTER -COLOR CODE'!$B$6:$C$337,2,0) -> AHAMD ANSARI ATABUL
A48: 47 | B48: 894 | C48: RAJ KUMAR BAL SURYA | D48: 31606069191337 | F48: 700 | G48: 31 | H48: 0 | I48: =G48-H48 -> 31 | J48: =F48/G48*I48 -> 700 | L48: =F48/30/8*1.25*K48 -> 0 | N48: =F48/30/8*1.25*M48 -> 0 | P48: =F48/30/8*1.5*O48 -> 0 | Q48: =I48 -> 31 | R48: 200 | S48: =R48/G48*Q48 -> 200 | T48: =100/G48*I48 -> 100 | U48: 100 | V48: 0 | W48: 0 | X48: =J48+L48+N48+P48+S48+T48+U48+V48-W48 -> 1100 | AA48: =J48 -> 700 | AB48: =X48-AA48 -> 400 | AC48: =AE48+AB48 -> #N/A | AD48: =X48-AC48 -> #N/A | AE48: =VLOOKUP(B48,[2]Sheet1!$B$4:$J$188,9,0) -> #N/A | AF48: =X48-AE48 -> #N/A | AG48: =VLOOKUP(B48,'[3]MASTER -COLOR CODE'!$B$6:$C$337,2,0) -> RAJ KUMAR BAL
A49: 48 | B49: 963 | C49: JANAK YADAV SHIV S | D49: 31629059755900 | E49: 900 | F49: 700 | G49: 31 | H49: 1 | I49: =G49-H49 -> 30 | J49: =F49/G49*I49 -> 677.41935 | L49: =F49/30/8*1.25*K49 -> 0 | N49: =F49/30/8*1.25*M49 -> 0 | P49: =F49/30/8*1.5*O49 -> 0 | Q49: =I49 -> 30 | R49: 200 | S49: =R49/G49*Q49 -> 193.54839 | T49: 0 | U49: 100 | V49: 0 | W49: 0 | X49: =J49+L49+N49+P49+S49+T49+U49+V49-W49 -> 970.96774 | AA49: =J49 -> 677.41935 | AB49: =X49-AA49 -> 293.54839 | AC49: =AE49+AB49 -> #N/A | AD49: =X49-AC49 -> #N/A | AE49: =VLOOKUP(B49,[2]Sheet1!$B$4:$J$188,9,0) -> #N/A | AF49: =X49-AE49 -> #N/A | AG49: =VLOOKUP(B49,'[3]MASTER -COLOR CODE'!$B$6:$C$337,2,0) -> JANAK YADAV
A50: 49 | B50: 980 | C50: AMRAT ULLAH MULTAN | D50: 20001019773623 | E50: 900 | F50: 700 | G50: 31 | H50: 14 | I50: =G50-H50 -> 17 | J50: =F50/G50*I50 -> 383.87097 | L50: =F50/30/8*1.25*K50 -> 0 | N50: =F50/30/8*1.25*M50 -> 0 | P50: =F50/30/8*1.5*O50 -> 0 | Q50: =I50 -> 17 | R50: 200 | S50: =R50/G50*Q50 -> 109.67742 | T50: 0 | U50: 100 | V50: 0 | W50: 0 | X50: =J50+L50+N50+P50+S50+T50+U50+V50-W50 -> 593.54839 | AA50: =J50 -> 383.87097 | AB50: =X50-AA50 -> 209.67742 | AC50: =AE50+AB50 -> #N/A | AD50: =X50-AC50 -> #N/A | AE50: =VLOOKUP(B50,[2]Sheet1!$B$4:$J$188,9,0) -> #N/A | AF50: =X50-AE50 -> #N/A | AG50: =VLOOKUP(B50,'[3]MASTER -COLOR CODE'!$B$6:$C$337,2,0) -> AMRAT ULLAH MULTAN
A51: 50 | B51: 982 | C51: SHAH NAWAZ KHAISTA GUL | D51: 20001010043962 | E51: 900 | F51: 700 | G51: 31 | H51: 14 | I51: =G51-H51 -> 17 | J51: =F51/G51*I51 -> 383.87097 | L51: =F51/30/8*1.25*K51 -> 0 | N51: =F51/30/8*1.25*M51 -> 0 | P51: =F51/30/8*1.5*O51 -> 0 | Q51: =I51 -> 17 | R51: 200 | S51: =R51/G51*Q51 -> 109.67742 | T51: 0 | U51: 100 | V51: 0 | W51: 0 | X51: =J51+L51+N51+P51+S51+T51+U51+V51-W51 -> 593.54839 | AA51: =J51 -> 383.87097 | AB51: =X51-AA51 -> 209.67742 | AC51: =AE51+AB51 -> #N/A | AD51: =X51-AC51 -> #N/A | AE51: =VLOOKUP(B51,[2]Sheet1!$B$4:$J$188,9,0) -> #N/A | AF51: =X51-AE51 -> #N/A | AG51: =VLOOKUP(B51,'[3]MASTER -COLOR CODE'!$B$6:$C$337,2,0) -> SHAH NAWAZ
A52: 51 | B52: 984 | C52: SHAMROZ NASRA DIN | D52: 20001019208020 | F52: 700 | G52: 31 | H52: 1 | I52: =G52-H52 -> 30 | J52: =F52/G52*I52 -> 677.41935 | L52: =F52/30/8*1.25*K52 -> 0 | N52: =F52/30/8*1.25*M52 -> 0 | P52: =F52/30/8*1.5*O52 -> 0 | Q52: =I52 -> 30 | R52: 200 | S52: =R52/G52*Q52 -> 193.54839 | T52: 0 | U52: 0 | V52: 0 | W52: 0 | X52: =J52+L52+N52+P52+S52+T52+U52+V52-W52 -> 870.96774 | AA52: =J52 -> 677.41935 | AB52: =X52-AA52 -> 193.54839 | AC52: =AE52+AB52 -> #N/A | AD52: =X52-AC52 -> #N/A | AE52: =VLOOKUP(B52,[2]Sheet1!$B$4:$J$188,9,0) -> #N/A | AF52: =X52-AE52 -> #N/A | AG52: =VLOOKUP(B52,'[3]MASTER -COLOR CODE'!$B$6:$C$337,2,0) -> SAMROZ DIN
A53: 52 | B53: 995 | C53: MUNAWAR SAEED AHMAD | D53: 20002017889003 | F53: 700 | G53: 31 | H53: 0 | I53: =G53-H53 -> 31 | J53: =F53/G53*I53 -> 700 | L53: =F53/30/8*1.25*K53 -> 0 | N53: =F53/30/8*1.25*M53 -> 0 | P53: =F53/30/8*1.5*O53 -> 0 | Q53: =I53 -> 31 | R53: 200 | S53: =R53/G53*Q53 -> 200 | T53: 0 | U53: 0 | V53: 0 | W53: 0 | X53: =J53+L53+N53+P53+S53+T53+U53+V53-W53 -> 900 | AA53: =J53 -> 700 | AB53: =X53-AA53 -> 200 | AC53: =AE53+AB53 -> #N/A | AD53: =X53-AC53 -> #N/A | AE53: =VLOOKUP(B53,[2]Sheet1!$B$4:$J$188,9,0) -> #N/A | AF53: =X53-AE53 -> #N/A | AG53: =VLOOKUP(B53,'[3]MASTER -COLOR CODE'!$B$6:$C$337,2,0) -> MUNAWAR SAEED ANWAR SAID
A54: 53 | B54: 1009 | C54: HABIL MIA JAMALIDDIN | D54: 30120078815670 | F54: 900 | G54: 31 | H54: 0 | I54: =G54-H54 -> 31 | J54: =F54/G54*I54 -> 900 | L54: =F54/30/8*1.25*K54 -> 0 | N54: =F54/30/8*1.25*M54 -> 0 | P54: =F54/30/8*1.5*O54 -> 0 | Q54: =I54 -> 31 | R54: 200 | S54: =R54/G54*Q54 -> 200 | T54: =100/G54*I54 -> 100 | U54: 100 | V54: 0 | W54: 0 | X54: =J54+L54+N54+P54+S54+T54+U54+V54-W54 -> 1300 | AA54: =J54 -> 900 | AB54: =X54-AA54 -> 400 | AC54: =AE54+AB54 -> #N/A | AD54: =X54-AC54 -> #N/A | AE54: =VLOOKUP(B54,[2]Sheet1!$B$4:$J$188,9,0) -> #N/A | AF54: =X54-AE54 -> #N/A | AG54: =VLOOKUP(B54,'[3]MASTER -COLOR CODE'!$B$6:$C$337,2,0) -> HABIL MIA JAMALUDDIN
A55: 54 | B55: 1012 | C55: JAFAR UDDIN KADAM ALI | D55: 30101018573498 | F55: 900 | G55: 31 | H55: 0 | I55: =G55-H55 -> 31 | J55: =F55/G55*I55 -> 900 | L55: =F55/30/8*1.25*K55 -> 0 | N55: =F55/30/8*1.25*M55 -> 0 | P55: =F55/30/8*1.5*O55 -> 0 | Q55: =I55 -> 31 | R55: 200 | S55: =R55/G55*Q55 -> 200 | T55: =100/G55*I55 -> 100 | U55: 100 | V55: 0 | W55: 0 | X55: =J55+L55+N55+P55+S55+T55+U55+V55-W55 -> 1300 | AA55: =J55 -> 900 | AB55: =X55-AA55 -> 400 | AC55: =AE55+AB55 -> #N/A | AD55: =X55-AC55 -> #N/A | AE55: =VLOOKUP(B55,[2]Sheet1!$B$4:$J$188,9,0) -> #N/A | AF55: =X55-AE55 -> #N/A | AG55: =VLOOKUP(B55,'[3]MASTER -COLOR CODE'!$B$6:$C$337,2,0) -> JAFAR UDDIN KADAM ALI
A56: 55 | B56: 1015 | C56: HARBHAJAN SINGH SARWAN | D56: 10015026917204 | F56: 900 | G56: 31 | H56: 0 | I56: =G56-H56 -> 31 | J56: =F56/G56*I56 -> 900 | L56: =F56/30/8*1.25*K56 -> 0 | N56: =F56/30/8*1.25*M56 -> 0 | P56: =F56/30/8*1.5*O56 -> 0 | Q56: =I56 -> 31 | R56: 200 | S56: =R56/G56*Q56 -> 200 | T56: =100/G56*I56 -> 100 | U56: 100 | V56: 0 | W56: 0 | X56: =J56+L56+N56+P56+S56+T56+U56+V56-W56 -> 1300 | AA56: =J56 -> 900 | AB56: =X56-AA56 -> 400 | AC56: =AE56+AB56 -> #N/A | AD56: =X56-AC56 -> #N/A | AE56: =VLOOKUP(B56,[2]Sheet1!$B$4:$J$188,9,0) -> #N/A | AF56: =X56-AE56 -> #N/A | AG56: =VLOOKUP(B56,'[3]MASTER -COLOR CODE'!$B$6:$C$337,2,0) -> HARBHAJAN SINGH SARWA
A57: 56 | B57: 1034 | C57: RAFIQUL SHORIF KUBAD | D57: 30102058015696 | F57: 900 | G57: 31 | H57: 0 | I57: =G57-H57 -> 31 | J57: =F57/G57*I57 -> 900 | L57: =F57/30/8*1.25*K57 -> 0 | N57: =F57/30/8*1.25*M57 -> 0 | P57: =F57/30/8*1.5*O57 -> 0 | Q57: =I57 -> 31 | R57: 200 | S57: =R57/G57*Q57 -> 200 | T57: =100/G57*I57 -> 100 | U57: 100 | V57: 0 | W57: 0 | X57: =J57+L57+N57+P57+S57+T57+U57+V57-W57 -> 1300 | AA57: =J57 -> 900 | AB57: =X57-AA57 -> 400 | AC57: =AE57+AB57 -> #N/A | AD57: =X57-AC57 -> #N/A | AE57: =VLOOKUP(B57,[2]Sheet1!$B$4:$J$188,9,0) -> #N/A | AF57: =X57-AE57 -> #N/A | AG57: =VLOOKUP(B57,'[3]MASTER -COLOR CODE'!$B$6:$C$337,2,0) -> RAFIQUL SHORIF KUBAD
A58: 57 | B58: 1035 | C58: MAMUN JAYNAL ABEDIN | D58: 30110108615606 | F58: 900 | G58: 31 | H58: 1 | I58: =G58-H58 -> 30 | J58: =F58/G58*I58 -> 870.96774 | L58: =F58/30/8*1.25*K58 -> 0 | N58: =F58/30/8*1.25*M58 -> 0 | P58: =F58/30/8*1.5*O58 -> 0 | Q58: =I58 -> 30 | R58: 200 | S58: =R58/G58*Q58 -> 193.54839 | T58: =100/G58*I58 -> 96.774194 | U58: 100 | V58: 0 | W58: 0 | X58: =J58+L58+N58+P58+S58+T58+U58+V58-W58 -> 1261.2903 | AA58: =J58 -> 870.96774 | AB58: =X58-AA58 -> 390.32258 | AC58: =AE58+AB58 -> #N/A | AD58: =X58-AC58 -> #N/A | AE58: =VLOOKUP(B58,[2]Sheet1!$B$4:$J$188,9,0) -> #N/A | AF58: =X58-AE58 -> #N/A | AG58: =VLOOKUP(B58,'[3]MASTER -COLOR CODE'!$B$6:$C$337,2,0) -> MAMUN JAYNAL ABEDIN
A59: 58 | B59: 1045 | C59: DALOWER HOSSAN | D59: 30125017837560 | F59: 900 | G59: 31 | H59: 0 | I59: =G59-H59 -> 31 | J59: =F59/G59*I59 -> 900 | L59: =F59/30/8*1.25*K59 -> 0 | N59: =F59/30/8*1.25*M59 -> 0 | P59: =F59/30/8*1.5*O59 -> 0 | Q59: =I59 -> 31 | R59: 200 | S59: =R59/G59*Q59 -> 200 | T59: =100/G59*I59 -> 100 | U59: 200 | V59: 0 | W59: 0 | X59: =J59+L59+N59+P59+S59+T59+U59+V59-W59 -> 1400 | AA59: =J59 -> 900 | AB59: =X59-AA59 -> 500 | AC59: =AE59+AB59 -> #N/A | AD59: =X59-AC59 -> #N/A | AE59: =VLOOKUP(B59,[2]Sheet1!$B$4:$J$188,9,0) -> #N/A | AF59: =X59-AE59 -> #N/A | AG59: =VLOOKUP(B59,'[3]MASTER -COLOR CODE'!$B$6:$C$337,2,0) -> DALOWAR HOSSAIN
A60: 59 | B60: 1055 | C60: KAMALUDDIN AFILUDDIN | D60: 30110108103145 | F60: 900 | G60: 31 | H60: 0 | I60: =G60-H60 -> 31 | J60: =F60/G60*I60 -> 900 | L60: =F60/30/8*1.25*K60 -> 0 | N60: =F60/30/8*1.25*M60 -> 0 | P60: =F60/30/8*1.5*O60 -> 0 | Q60: =I60 -> 31 | R60: 200 | S60: =R60/G60*Q60 -> 200 | T60: =100/G60*I60 -> 100 | U60: 200 | V60: 0 | W60: 0 | X60: =J60+L60+N60+P60+S60+T60+U60+V60-W60 -> 1400 | AA60: =J60 -> 900 | AB60: =X60-AA60 -> 500 | AC60: =AE60+AB60 -> #N/A | AD60: =X60-AC60 -> #N/A | AE60: =VLOOKUP(B60,[2]Sheet1!$B$4:$J$188,9,0) -> #N/A | AF60: =X60-AE60 -> #N/A | AG60: =VLOOKUP(B60,'[3]MASTER -COLOR CODE'!$B$6:$C$337,2,0) -> KAMALUDDIN AFILUDDIN
A61: 60 | B61: C007 | C61: BODIRUJAMAN IMAMUL H | D61: 10025129273702 | F61: 800 | G61: 31 | H61: 0 | I61: =G61-H61 -> 31 | J61: =F61/G61*I61 -> 800 | L61: =F61/30/8*1.25*K61 -> 0 | N61: =F61/30/8*1.25*M61 -> 0 | P61: =F61/30/8*1.5*O61 -> 0 | Q61: =I61 -> 31 | R61: 200 | S61: =R61/G61*Q61 -> 200 | T61: =100/G61*I61 -> 100 | U61: 0 | V61: 0 | W61: 0 | X61: =J61+L61+N61+P61+S61+T61+U61+V61-W61 -> 1100 | AA61: =J61 -> 800 | AB61: =X61-AA61 -> 300 | AC61: =AE61+AB61 -> 1100 | AD61: =X61-AC61 -> 0 | AE61: =VLOOKUP(B61,[2]Sheet1!$B$4:$J$188,9,0) -> 800 | AF61: =X61-AE61 -> 300 | AG61: =VLOOKUP(B61,'[3]MASTER -COLOR CODE'!$B$6:$C$337,2,0) -> BODIRUJAMAN IMAMUL H
A62: 61 | B62: C008 | C62: HASAN SEKH EKDAR SEK | D62: 10001017792106 | F62: 800 | G62: 31 | H62: 0 | I62: =G62-H62 -> 31 | J62: =F62/G62*I62 -> 800 | L62: =F62/30/8*1.25*K62 -> 0 | N62: =F62/30/8*1.25*M62 -> 0 | P62: =F62/30/8*1.5*O62 -> 0 | Q62: =I62 -> 31 | R62: 200 | S62: =R62/G62*Q62 -> 200 | T62: 0 | U62: 0 | V62: 0 | W62: 0 | X62: =J62+L62+N62+P62+S62+T62+U62+V62-W62 -> 1000 | AA62: =J62 -> 800 | AB62: =X62-AA62 -> 200 | AC62: =AE62+AB62 -> 1000 | AD62: =X62-AC62 -> 0 | AE62: =VLOOKUP(B62,[2]Sheet1!$B$4:$J$188,9,0) -> 800 | AF62: =X62-AE62 -> 200 | AG62: =VLOOKUP(B62,'[3]MASTER -COLOR CODE'!$B$6:$C$337,2,0) -> HASAN SHIEKH
A63: 62 | B63: C015 | C63: JAVED KHAN JUMMAN | D63: 10001029387702 | F63: 800 | G63: 31 | H63: 16 | I63: =G63-H63 -> 15 | J63: =F63/G63*I63 -> 387.09677 | L63: =F63/30/8*1.25*K63 -> 0 | N63: =F63/30/8*1.25*M63 -> 0 | P63: =F63/30/8*1.5*O63 -> 0 | Q63: =I63 -> 15 | R63: 200 | S63: =R63/G63*Q63 -> 96.774194 | T63: =100/G63*I63 -> 48.387097 | U63: 0 | V63: 0 | W63: 0 | X63: =J63+L63+N63+P63+S63+T63+U63+V63-W63 -> 532.25806 | AA63: =J63 -> 387.09677 | AB63: =X63-AA63 -> 145.16129 | AC63: =AE63+AB63 -> 945.16129 | AD63: =X63-AC63 -> -412.90323 | AE63: =VLOOKUP(B63,[2]Sheet1!$B$4:$J$188,9,0) -> 800 | AF63: =X63-AE63 -> -267.74194 | AG63: =VLOOKUP(B63,'[3]MASTER -COLOR CODE'!$B$6:$C$337,2,0) -> JAVED KHAN JUMMAN
A64: 63 | B64: C025 | C64: Narajul sheikh | F64: 800 | G64: 31 | H64: 0 | I64: =G64-H64 -> 31 | J64: =F64/G64*I64 -> 800 | L64: =F64/30/8*1.25*K64 -> 0 | N64: =F64/30/8*1.25*M64 -> 0 | P64: =F64/30/8*1.5*O64 -> 0 | Q64: =I64 -> 31 | R64: 200 | S64: =R64/G64*Q64 -> 200 | T64: =100/G64*I64 -> 100 | U64: 0 | V64: 0 | W64: 0 | X64: =J64+L64+N64+P64+S64+T64+U64+V64-W64 -> 1100 | AA64: =J64 -> 800 | AB64: =X64-AA64 -> 300 | AC64: =AE64+AB64 -> 1100 | AD64: =X64-AC64 -> 0 | AE64: =VLOOKUP(B64,[2]Sheet1!$B$4:$J$188,9,0) -> 800 | AF64: =X64-AE64 -> 300 | AG64: =VLOOKUP(B64,'[3]MASTER -COLOR CODE'!$B$6:$C$337,2,0) -> NARAJUL SEKH NASIR S
A65: 64 | B65: C032 | C65: NUR ISLAM SEIKH SULT | D65: 10001018281822 | F65: 800 | G65: 31 | H65: 0 | I65: =G65-H65 -> 31 | J65: =F65/G65*I65 -> 800 | L65: =F65/30/8*1.25*K65 -> 0 | N65: =F65/30/8*1.25*M65 -> 0 | P65: =F65/30/8*1.5*O65 -> 0 | Q65: =I65 -> 31 | R65: 200 | S65: =R65/G65*Q65 -> 200 | T65: 0 | U65: 0 | V65: 0 | W65: 0 | X65: =J65+L65+N65+P65+S65+T65+U65+V65-W65 -> 1000 | AA65: =J65 -> 800 | AB65: =X65-AA65 -> 200 | AC65: =AE65+AB65 -> 1000 | AD65: =X65-AC65 -> 0 | AE65: =VLOOKUP(B65,[2]Sheet1!$B$4:$J$188,9,0) -> 800 | AF65: =X65-AE65 -> 200 | AG65: =VLOOKUP(B65,'[3]MASTER -COLOR CODE'!$B$6:$C$337,2,0) -> NUR ISLAM SEIKH SULT
A66: 65 | B66: C042 | C66: MUHAMMAD KAMIL ABDUL | D66: 20030038783899 | F66: 800 | G66: 31 | H66: 23 | I66: =G66-H66 -> 8 | J66: =F66/G66*I66 -> 206.45161 | L66: =F66/30/8*1.25*K66 -> 0 | N66: =F66/30/8*1.25*M66 -> 0 | P66: =F66/30/8*1.5*O66 -> 0 | Q66: =I66 -> 8 | R66: 200 | S66: =R66/G66*Q66 -> 51.612903 | T66: 0 | U66: 0 | V66: 0 | W66: 0 | X66: =J66+L66+N66+P66+S66+T66+U66+V66-W66 -> 258.06452 | AA66: =J66 -> 206.45161 | AB66: =X66-AA66 -> 51.612903 | AC66: =AE66+AB66 -> 451.6129 | AD66: =X66-AC66 -> -193.54839 | AE66: =VLOOKUP(B66,[2]Sheet1!$B$4:$J$188,9,0) -> 400 | AF66: =X66-AE66 -> -141.93548 | AG66: =VLOOKUP(B66,'[3]MASTER -COLOR CODE'!$B$6:$C$337,2,0) -> MUHAMMAD KAMIL ABDUL
A67: 66 | B67: C045 | C67: MOHAMMAD NUR KALAM M | D67: 10024128889521 | F67: 800 | G67: 31 | H67: 31 | I67: =G67-H67 -> 0 | J67: =F67/G67*I67 -> 0 | L67: =F67/30/8*1.25*K67 -> 0 | N67: =F67/30/8*1.25*M67 -> 0 | P67: =F67/30/8*1.5*O67 -> 0 | Q67: =I67 -> 0 | R67: 200 | S67: =R67/G67*Q67 -> 0 | T67: =100/G67*I67 -> 0 | U67: 0 | V67: 0 | W67: 0 | X67: =J67+L67+N67+P67+S67+T67+U67+V67-W67 -> 0 | AA67: =J67 -> 0 | AB67: =X67-AA67 -> 0 | AC67: =AE67+AB67 -> 80 | AD67: =X67-AC67 -> -80 | AE67: =VLOOKUP(B67,[2]Sheet1!$B$4:$J$188,9,0) -> 80 | AF67: =X67-AE67 -> -80 | AG67: =VLOOKUP(B67,'[3]MASTER -COLOR CODE'!$B$6:$C$337,2,0) -> MOHAMMAD NUR KALAM
A68: 67 | B68: C050 | C68: KAWSAR ALI MAJIBUL S | D68: 10005108881515 | F68: 800 | G68: 31 | H68: 0 | I68: =G68-H68 -> 31 | J68: =F68/G68*I68 -> 800 | L68: =F68/30/8*1.25*K68 -> 0 | N68: =F68/30/8*1.25*M68 -> 0 | P68: =F68/30/8*1.5*O68 -> 0 | Q68: =I68 -> 31 | R68: 200 | S68: =R68/G68*Q68 -> 200 | T68: =100/G68*I68 -> 100 | U68: 0 | V68: 0 | W68: 0 | X68: =J68+L68+N68+P68+S68+T68+U68+V68-W68 -> 1100 | AA68: =J68 -> 800 | AB68: =X68-AA68 -> 300 | AC68: =AE68+AB68 -> 1073 | AD68: =X68-AC68 -> 27 | AE68: =VLOOKUP(B68,[2]Sheet1!$B$4:$J$188,9,0) -> 773 | AF68: =X68-AE68 -> 327 | AG68: =VLOOKUP(B68,'[3]MASTER -COLOR CODE'!$B$6:$C$337,2,0) -> KAWSAR ALI MAJIBUL S
A69: 68 | B69: C056 | C69: SAID AHMED QURESHI | D69: 10010067492279 | F69: 800 | G69: 31 | H69: 0 | I69: =G69-H69 -> 31 | J69: =F69/G69*I69 -> 800 | L69: =F69/30/8*1.25*K69 -> 0 | N69: =F69/30/8*1.25*M69 -> 0 | P69: =F69/30/8*1.5*O69 -> 0 | Q69: =I69 -> 31 | R69: 200 | S69: =R69/G69*Q69 -> 200 | T69: 0 | U69: 0 | V69: 0 | W69: 0 | X69: =J69+L69+N69+P69+S69+T69+U69+V69-W69 -> 1000 | AA69: =J69 -> 800 | AB69: =X69-AA69 -> 200 | AC69: =AE69+AB69 -> 947 | AD69: =X69-AC69 -> 53 | AE69: =VLOOKUP(B69,[2]Sheet1!$B$4:$J$188,9,0) -> 747 | AF69: =X69-AE69 -> 253 | AG69: =VLOOKUP(B69,'[3]MASTER -COLOR CODE'!$B$6:$C$337,2,0) -> SAID AHMED QURESHI
A70: 69 | B70: C060 | C70: MAHARFUL SEKH JANSAD | D70: 10001018881866 | F70: 800 | G70: 31 | H70: 0 | I70: =G70-H70 -> 31 | J70: =F70/G70*I70 -> 800 | L70: =F70/30/8*1.25*K70 -> 0 | N70: =F70/30/8*1.25*M70 -> 0 | P70: =F70/30/8*1.5*O70 -> 0 | Q70: =I70 -> 31 | R70: 0 | S70: =R70/G70*Q70 -> 0 | T70: =100/G70*I70 -> 100 | U70: 0 | V70: 0 | W70: 0 | X70: =J70+L70+N70+P70+S70+T70+U70+V70-W70 -> 900 | AA70: =J70 -> 800 | AB70: =X70-AA70 -> 100 | AC70: =AE70+AB70 -> 900 | AD70: =X70-AC70 -> 0 | AE70: =VLOOKUP(B70,[2]Sheet1!$B$4:$J$188,9,0) -> 800 | AF70: =X70-AE70 -> 100 | AG70: =VLOOKUP(B70,'[3]MASTER -COLOR CODE'!$B$6:$C$337,2,0) -> MAHARFUL SEKH JANSAD SEIKH
A71: 70 | B71: C070 | C71: ABDUL HAI AAHRAHIM S | D71: 10001018773365 | F71: 800 | G71: 31 | H71: 0 | I71: =G71-H71 -> 31 | J71: =F71/G71*I71 -> 800 | L71: =F71/30/8*1.25*K71 -> 0 | N71: =F71/30/8*1.25*M71 -> 0 | P71: =F71/30/8*1.5*O71 -> 0 | Q71: =I71 -> 31 | R71: 200 | S71: =R71/G71*Q71 -> 200 | T71: =100/G71*I71 -> 100 | U71: 0 | V71: 0 | W71: 0 | X71: =J71+L71+N71+P71+S71+T71+U71+V71-W71 -> 1100 | AA71: =J71 -> 800 | AB71: =X71-AA71 -> 300 | AC71: =AE71+AB71 -> 1100 | AD71: =X71-AC71 -> 0 | AE71: =VLOOKUP(B71,[2]Sheet1!$B$4:$J$188,9,0) -> 800 | AF71: =X71-AE71 -> 300 | AG71: =VLOOKUP(B71,'[3]MASTER -COLOR CODE'!$B$6:$C$337,2,0) -> ABDUL HAI AAHRAHIM SEKH
A72: 71 | B72: C071 | C72: SEIKH YEASIN RAHAMAN | D72: 10006038034486 | F72: 800 | G72: 31 | H72: 0 | I72: =G72-H72 -> 31 | J72: =F72/G72*I72 -> 800 | L72: =F72/30/8*1.25*K72 -> 0 | N72: =F72/30/8*1.25*M72 -> 0 | P72: =F72/30/8*1.5*O72 -> 0 | Q72: =I72 -> 31 | R72: 200 | S72: =R72/G72*Q72 -> 200 | T72: 0 | U72: 0 | V72: 0 | W72: 0 | X72: =J72+L72+N72+P72+S72+T72+U72+V72-W72 -> 1000 | AA72: =J72 -> 800 | AB72: =X72-AA72 -> 200 | AC72: =AE72+AB72 -> 1000 | AD72: =X72-AC72 -> 0 | AE72: =VLOOKUP(B72,[2]Sheet1!$B$4:$J$188,9,0) -> 800 | AF72: =X72-AE72 -> 200 | AG72: =VLOOKUP(B72,'[3]MASTER -COLOR CODE'!$B$6:$C$337,2,0) -> SEIKH YEASIN RAHAMAN
A73: 72 | B73: G19 | C73: ABUL kALAM jasim Uddin | D73: 30105029388010 | F73: 700 | G73: 31 | H73: 0 | I73: =G73-H73 -> 31 | J73: =F73/G73*I73 -> 700 | L73: =F73/30/8*1.25*K73 -> 0 | N73: =F73/30/8*1.25*M73 -> 0 | P73: =F73/30/8*1.5*O73 -> 0 | Q73: =I73 -> 31 | R73: 200 | S73: =R73/G73*Q73 -> 200 | T73: 0 | U73: 0 | V73: 0 | W73: 0 | X73: =J73+L73+N73+P73+S73+T73+U73+V73-W73 -> 900 | AA73: =J73 -> 700 | AB73: 402 | AC73: =AA73+AB73 -> 1102 | AD73: =X73-AC73 -> -202 | AE73: =VLOOKUP(B73,[2]Sheet1!$B$4:$J$188,9,0) -> #N/A | AF73: =X73-AE73 -> #N/A | AG73: =VLOOKUP(B73,'[3]MASTER -COLOR CODE'!$B$6:$C$337,2,0) -> ABUL KALAM JASIM UDDIN
A74: 73 | B74: G106 | C74: Rabindra kumar mahara | E74: 900 | F74: 700 | G74: 31 | H74: 0 | I74: =G74-H74 -> 31 | J74: =F74/G74*I74 -> 700 | L74: =F74/30/8*1.25*K74 -> 0 | N74: =F74/30/8*1.25*M74 -> 0 | P74: =F74/30/8*1.5*O74 -> 0 | Q74: =I74 -> 31 | R74: 200 | S74: =R74/G74*Q74 -> 200 | T74: 0 | U74: 0 | V74: 0 | W74: 0 | X74: =J74+L74+N74+P74+S74+T74+U74+V74-W74 -> 900 | AA74: 900 | AB74: =X74-AA74 -> 0 | AC74: =AE74+AB74 -> 900 | AD74: =X74-AC74 -> 0 | AE74: =VLOOKUP(B74,[2]Sheet1!$B$4:$J$188,9,0) -> 900 | AF74: =X74-AE74 -> 0 | AG74: =VLOOKUP(B74,'[3]MASTER -COLOR CODE'!$B$6:$C$337,2,0) -> RABINDRA KUMAR MAHARA
A75: 74 | B75: G108 | C75: Sundar ram | E75: 900 | F75: 700 | G75: 31 | H75: 0 | I75: =G75-H75 -> 31 | J75: =F75/G75*I75 -> 700 | L75: =F75/30/8*1.25*K75 -> 0 | N75: =F75/30/8*1.25*M75 -> 0 | P75: =F75/30/8*1.5*O75 -> 0 | Q75: =I75 -> 31 | R75: 200 | S75: =R75/G75*Q75 -> 200 | T75: 0 | U75: 0 | V75: 0 | W75: 0 | X75: =J75+L75+N75+P75+S75+T75+U75+V75-W75 -> 900 | AA75: 900 | AB75: =X75-AA75 -> 0 | AC75: =AE75+AB75 -> 900 | AD75: =X75-AC75 -> 0 | AE75: =VLOOKUP(B75,[2]Sheet1!$B$4:$J$188,9,0) -> 900 | AF75: =X75-AE75 -> 0 | AG75: =VLOOKUP(B75,'[3]MASTER -COLOR CODE'!$B$6:$C$337,2,0) -> SUNDAR RAM
A76: 75 | B76: G109 | C76: Bishambar yadav | E76: 900 | F76: 700 | G76: 31 | H76: 0 | I76: =G76-H76 -> 31 | J76: =F76/G76*I76 -> 700 | L76: =F76/30/8*1.25*K76 -> 0 | N76: =F76/30/8*1.25*M76 -> 0 | P76: =F76/30/8*1.5*O76 -> 0 | Q76: =I76 -> 31 | R76: 200 | S76: =R76/G76*Q76 -> 200 | T76: 0 | U76: 0 | V76: 0 | W76: 0 | X76: =J76+L76+N76+P76+S76+T76+U76+V76-W76 -> 900 | AA76: 900 | AB76: =X76-AA76 -> 0 | AC76: =AE76+AB76 -> 900 | AD76: =X76-AC76 -> 0 | AE76: =VLOOKUP(B76,[2]Sheet1!$B$4:$J$188,9,0) -> 900 | AF76: =X76-AE76 -> 0 | AG76: =VLOOKUP(B76,'[3]MASTER -COLOR CODE'!$B$6:$C$337,2,0) -> BISHAMBAR YADAV
A77: 76 | B77: G110 | C77: biltu sada | E77: 900 | F77: 700 | G77: 31 | H77: 0 | I77: =G77-H77 -> 31 | J77: =F77/G77*I77 -> 700 | L77: =F77/30/8*1.25*K77 -> 0 | N77: =F77/30/8*1.25*M77 -> 0 | P77: =F77/30/8*1.5*O77 -> 0 | Q77: =I77 -> 31 | R77: 200 | S77: =R77/G77*Q77 -> 200 | T77: 0 | U77: 0 | V77: 0 | W77: 0 | X77: =J77+L77+N77+P77+S77+T77+U77+V77-W77 -> 900 | AA77: 900 | AB77: =X77-AA77 -> 0 | AC77: =AE77+AB77 -> 900 | AD77: =X77-AC77 -> 0 | AE77: =VLOOKUP(B77,[2]Sheet1!$B$4:$J$188,9,0) -> 900 | AF77: =X77-AE77 -> 0 | AG77: =VLOOKUP(B77,'[3]MASTER -COLOR CODE'!$B$6:$C$337,2,0) -> BILTU SADA
A78: 77 | B78: G111 | C78: suresh das kathabaniya | E78: 900 | F78: 700 | G78: 31 | H78: 0 | I78: =G78-H78 -> 31 | J78: =F78/G78*I78 -> 700 | L78: =F78/30/8*1.25*K78 -> 0 | N78: =F78/30/8*1.25*M78 -> 0 | P78: =F78/30/8*1.5*O78 -> 0 | Q78: =I78 -> 31 | R78: 200 | S78: =R78/G78*Q78 -> 200 | T78: 0 | U78: 0 | V78: 0 | W78: 0 | X78: =J78+L78+N78+P78+S78+T78+U78+V78-W78 -> 900 | AA78: 900 | AB78: =X78-AA78 -> 0 | AC78: =AE78+AB78 -> 900 | AD78: =X78-AC78 -> 0 | AE78: =VLOOKUP(B78,[2]Sheet1!$B$4:$J$188,9,0) -> 900 | AF78: =X78-AE78 -> 0 | AG78: =VLOOKUP(B78,'[3]MASTER -COLOR CODE'!$B$6:$C$337,2,0) -> SURESH DAS KATHABANIYA
A79: 78 | B79: G115 | C79: shiv kumar mochi | E79: 900 | F79: 700 | G79: 31 | H79: 0 | I79: =G79-H79 -> 31 | J79: =F79/G79*I79 -> 700 | L79: =F79/30/8*1.25*K79 -> 0 | N79: =F79/30/8*1.25*M79 -> 0 | P79: =F79/30/8*1.5*O79 -> 0 | Q79: =I79 -> 31 | R79: 200 | S79: =R79/G79*Q79 -> 200 | T79: 0 | U79: 0 | V79: 0 | W79: 0 | X79: =J79+L79+N79+P79+S79+T79+U79+V79-W79 -> 900 | AA79: 900 | AB79: =X79-AA79 -> 0 | AC79: =AE79+AB79 -> 900 | AD79: =X79-AC79 -> 0 | AE79: =VLOOKUP(B79,[2]Sheet1!$B$4:$J$188,9,0) -> 900 | AF79: =X79-AE79 -> 0 | AG79: =VLOOKUP(B79,'[3]MASTER -COLOR CODE'!$B$6:$C$337,2,0) -> SHIV KUMAR MOCHI
A80: 79 | B80: G117 | C80: Shiv kumar Ray | E80: 900 | F80: 700 | G80: 31 | H80: 0 | I80: =G80-H80 -> 31 | J80: =F80/G80*I80 -> 700 | L80: =F80/30/8*1.25*K80 -> 0 | N80: =F80/30/8*1.25*M80 -> 0 | P80: =F80/30/8*1.5*O80 -> 0 | Q80: =I80 -> 31 | R80: 200 | S80: =R80/G80*Q80 -> 200 | T80: 0 | U80: 0 | V80: 0 | W80: 0 | X80: =J80+L80+N80+P80+S80+T80+U80+V80-W80 -> 900 | AA80: 900 | AB80: =X80-AA80 -> 0 | AC80: =AE80+AB80 -> 900 | AD80: =X80-AC80 -> 0 | AE80: =VLOOKUP(B80,[2]Sheet1!$B$4:$J$188,9,0) -> 900 | AF80: =X80-AE80 -> 0 | AG80: =VLOOKUP(B80,'[3]MASTER -COLOR CODE'!$B$6:$C$337,2,0) -> SHIV KUMAR RAY
A81: 80 | B81: G118 | C81: Shree Ram Mandal | E81: 900 | F81: 700 | G81: 31 | H81: 0 | I81: =G81-H81 -> 31 | J81: =F81/G81*I81 -> 700 | L81: =F81/30/8*1.25*K81 -> 0 | N81: =F81/30/8*1.25*M81 -> 0 | P81: =F81/30/8*1.5*O81 -> 0 | Q81: =I81 -> 31 | R81: 200 | S81: =R81/G81*Q81 -> 200 | T81: 0 | U81: 0 | V81: 0 | W81: 0 | X81: =J81+L81+N81+P81+S81+T81+U81+V81-W81 -> 900 | AA81: 900 | AB81: =X81-AA81 -> 0 | AC81: =AE81+AB81 -> 900 | AD81: =X81-AC81 -> 0 | AE81: =VLOOKUP(B81,[2]Sheet1!$B$4:$J$188,9,0) -> 900 | AF81: =X81-AE81 -> 0 | AG81: =VLOOKUP(B81,'[3]MASTER -COLOR CODE'!$B$6:$C$337,2,0) -> SHREE RAM MANDAL
A82: 81 | B82: G12 | C82: HABIB UR REHMAN | D82: 20002028952005 | F82: 700 | G82: 31 | H82: 0 | I82: =G82-H82 -> 31 | J82: =F82/G82*I82 -> 700 | L82: =F82/30/8*1.25*K82 -> 0 | N82: =F82/30/8*1.25*M82 -> 0 | P82: =F82/30/8*1.5*O82 -> 0 | Q82: =I82 -> 31 | R82: 200 | S82: =R82/G82*Q82 -> 200 | T82: 0 | U82: 0 | V82: 0 | W82: 0 | X82: =J82+L82+N82+P82+S82+T82+U82+V82-W82 -> 900 | AA82: 0 | AB82: =X82-AA82 -> 900 | AC82: =AE82+AB82 -> 1273 | AD82: =X82-AC82 -> -373 | AE82: =VLOOKUP(B82,[2]Sheet1!$B$4:$J$188,9,0) -> 373 | AF82: =X82-AE82 -> 527 | AG82: =VLOOKUP(B82,'[3]MASTER -COLOR CODE'!$B$6:$C$337,2,0) -> HABIB UR REHMAN
A83: 82 | B83: G122 | C83: Nanu Sada | E83: 900 | F83: 700 | G83: 31 | H83: 1 | I83: =G83-H83 -> 30 | J83: =F83/G83*I83 -> 677.41935 | L83: =F83/30/8*1.25*K83 -> 0 | N83: =F83/30/8*1.25*M83 -> 0 | P83: =F83/30/8*1.5*O83 -> 0 | Q83: =I83 -> 30 | R83: 200 | S83: =R83/G83*Q83 -> 193.54839 | T83: 0 | U83: 0 | V83: 0 | W83: 0 | X83: =J83+L83+N83+P83+S83+T83+U83+V83-W83 -> 870.96774 | AA83: 871 | AB83: =X83-AA83 -> -0.032258065 | AC83: =AE83+AB83 -> 839.96774 | AD83: =X83-AC83 -> 31 | AE83: =VLOOKUP(B83,[2]Sheet1!$B$4:$J$188,9,0) -> 840 | AF83: =X83-AE83 -> 30.967742 | AG83: =VLOOKUP(B83,'[3]MASTER -COLOR CODE'!$B$6:$C$337,2,0) -> NANU SADA
A84: 83 | B84: G123 | C84: Pramod kumar Mandal | E84: 900 | F84: 700 | G84: 31 | H84: 0 | I84: =G84-H84 -> 31 | J84: =F84/G84*I84 -> 700 | L84: =F84/30/8*1.25*K84 -> 0 | N84: =F84/30/8*1.25*M84 -> 0 | P84: =F84/30/8*1.5*O84 -> 0 | Q84: =I84 -> 31 | R84: 200 | S84: =R84/G84*Q84 -> 200 | T84: 0 | U84: 0 | V84: 0 | W84: 0 | X84: =J84+L84+N84+P84+S84+T84+U84+V84-W84 -> 900 | AA84: 900 | AB84: =X84-AA84 -> 0 | AC84: =AE84+AB84 -> 900 | AD84: =X84-AC84 -> 0 | AE84: =VLOOKUP(B84,[2]Sheet1!$B$4:$J$188,9,0) -> 900 | AF84: =X84-AE84 -> 0 | AG84: =VLOOKUP(B84,'[3]MASTER -COLOR CODE'!$B$6:$C$337,2,0) -> PRAMOD KUMAR MANDAL
A85: 84 | B85: G125 | C85: Ram jiban yadav | E85: 900 | F85: 700 | G85: 31 | H85: 0 | I85: =G85-H85 -> 31 | J85: =F85/G85*I85 -> 700 | L85: =F85/30/8*1.25*K85 -> 0 | N85: =F85/30/8*1.25*M85 -> 0 | P85: =F85/30/8*1.5*O85 -> 0 | Q85: =I85 -> 31 | R85: 200 | S85: =R85/G85*Q85 -> 200 | T85: 0 | U85: 0 | V85: 0 | W85: 0 | X85: =J85+L85+N85+P85+S85+T85+U85+V85-W85 -> 900 | AA85: 900 | AB85: =X85-AA85 -> 0 | AC85: =AE85+AB85 -> 870 | AD85: =X85-AC85 -> 30 | AE85: =VLOOKUP(B85,[2]Sheet1!$B$4:$J$188,9,0) -> 870 | AF85: =X85-AE85 -> 30 | AG85: =VLOOKUP(B85,'[3]MASTER -COLOR CODE'!$B$6:$C$337,2,0) -> RAM JIBAN YADAV
A86: 85 | B86: G126 | C86: Dinesh kumar Yadav | E86: 900 | F86: 700 | G86: 31 | H86: 0 | I86: =G86-H86 -> 31 | J86: =F86/G86*I86 -> 700 | L86: =F86/30/8*1.25*K86 -> 0 | N86: =F86/30/8*1.25*M86 -> 0 | P86: =F86/30/8*1.5*O86 -> 0 | Q86: =I86 -> 31 | R86: 200 | S86: =R86/G86*Q86 -> 200 | T86: 0 | U86: 0 | V86: 0 | W86: 0 | X86: =J86+L86+N86+P86+S86+T86+U86+V86-W86 -> 900 | AA86: 900 | AB86: =X86-AA86 -> 0 | AC86: =AE86+AB86 -> 900 | AD86: =X86-AC86 -> 0 | AE86: =VLOOKUP(B86,[2]Sheet1!$B$4:$J$188,9,0) -> 900 | AF86: =X86-AE86 -> 0 | AG86: =VLOOKUP(B86,'[3]MASTER -COLOR CODE'!$B$6:$C$337,2,0) -> DINESH KUMAR YADAV
A87: 86 | B87: G129 | C87: Ram Kishor Kapar | E87: 900 | F87: 700 | G87: 31 | H87: 2 | I87: =G87-H87 -> 29 | J87: =F87/G87*I87 -> 654.83871 | L87: =F87/30/8*1.25*K87 -> 0 | N87: =F87/30/8*1.25*M87 -> 0 | P87: =F87/30/8*1.5*O87 -> 0 | Q87: =I87 -> 29 | R87: 200 | S87: =R87/G87*Q87 -> 187.09677 | T87: 0 | U87: 0 | V87: 0 | W87: 0 | X87: =J87+L87+N87+P87+S87+T87+U87+V87-W87 -> 841.93548 | AA87: 842 | AB87: =X87-AA87 -> -0.064516129 | AC87: =AE87+AB87 -> 899.93548 | AD87: =X87-AC87 -> -58 | AE87: =VLOOKUP(B87,[2]Sheet1!$B$4:$J$188,9,0) -> 900 | AF87: =X87-AE87 -> -58.064516 | AG87: =VLOOKUP(B87,'[3]MASTER -COLOR CODE'!$B$6:$C$337,2,0) -> RAM KISHOR KAPAR
A88: 87 | B88: G132 | C88: Shiv Chandra Yadav | E88: 900 | F88: 700 | G88: 31 | H88: 0 | I88: =G88-H88 -> 31 | J88: =F88/G88*I88 -> 700 | L88: =F88/30/8*1.25*K88 -> 0 | N88: =F88/30/8*1.25*M88 -> 0 | P88: =F88/30/8*1.5*O88 -> 0 | Q88: =I88 -> 31 | R88: 200 | S88: =R88/G88*Q88 -> 200 | T88: 0 | U88: 0 | V88: 0 | W88: 0 | X88: =J88+L88+N88+P88+S88+T88+U88+V88-W88 -> 900 | AA88: 900 | AB88: =X88-AA88 -> 0 | AC88: =AE88+AB88 -> 900 | AD88: =X88-AC88 -> 0 | AE88: =VLOOKUP(B88,[2]Sheet1!$B$4:$J$188,9,0) -> 900 | AF88: =X88-AE88 -> 0 | AG88: =VLOOKUP(B88,'[3]MASTER -COLOR CODE'!$B$6:$C$337,2,0) -> SHIV CHANDRA YADAV
A89: 88 | B89: G134 | C89: Dipendra ray yadav prem chandra ray | E89: 900 | F89: 700 | G89: 31 | H89: 0 | I89: =G89-H89 -> 31 | J89: =F89/G89*I89 -> 700 | L89: =F89/30/8*1.25*K89 -> 0 | N89: =F89/30/8*1.25*M89 -> 0 | P89: =F89/30/8*1.5*O89 -> 0 | Q89: =I89 -> 31 | R89: 200 | S89: =R89/G89*Q89 -> 200 | T89: 0 | U89: 0 | V89: 0 | W89: 0 | X89: =J89+L89+N89+P89+S89+T89+U89+V89-W89 -> 900 | AA89: 900 | AB89: =X89-AA89 -> 0 | AC89: =AE89+AB89 -> 870 | AD89: =X89-AC89 -> 30 | AE89: =VLOOKUP(B89,[2]Sheet1!$B$4:$J$188,9,0) -> 870 | AF89: =X89-AE89 -> 30 | AG89: =VLOOKUP(B89,'[3]MASTER -COLOR CODE'!$B$6:$C$337,2,0) -> DIPENDRA RAY YADAV
A90: 89 | B90: G138 | C90: PANKAJ kumar mochi | D90: 10001018730320 | E90: 900 | F90: 700 | G90: 31 | H90: 0 | I90: =G90-H90 -> 31 | J90: =F90/G90*I90 -> 700 | L90: =F90/30/8*1.25*K90 -> 0 | N90: =F90/30/8*1.25*M90 -> 0 | P90: =F90/30/8*1.5*O90 -> 0 | Q90: =I90 -> 31 | R90: 200 | S90: =R90/G90*Q90 -> 200 | T90: 0 | U90: 0 | V90: 0 | W90: 0 | X90: =J90+L90+N90+P90+S90+T90+U90+V90-W90 -> 900 | AA90: 900 | AB90: =X90-AA90 -> 0 | AC90: =AE90+AB90 -> 900 | AD90: =X90-AC90 -> 0 | AE90: =VLOOKUP(B90,[2]Sheet1!$B$4:$J$188,9,0) -> 900 | AF90: =X90-AE90 -> 0 | AG90: =VLOOKUP(B90,'[3]MASTER -COLOR CODE'!$B$6:$C$337,2,0) -> PANKAJ KUMAR MOCHI
A91: 90 | B91: G139 | C91: Hairindar hajari | E91: 900 | F91: 700 | G91: 31 | H91: 0 | I91: =G91-H91 -> 31 | J91: =F91/G91*I91 -> 700 | L91: =F91/30/8*1.25*K91 -> 0 | N91: =F91/30/8*1.25*M91 -> 0 | P91: =F91/30/8*1.5*O91 -> 0 | Q91: =I91 -> 31 | R91: 200 | S91: =R91/G91*Q91 -> 200 | T91: 0 | U91: 0 | V91: 0 | W91: 0 | X91: =J91+L91+N91+P91+S91+T91+U91+V91-W91 -> 900 | AA91: 900 | AB91: =X91-AA91 -> 0 | AC91: =AE91+AB91 -> 900 | AD91: =X91-AC91 -> 0 | AE91: =VLOOKUP(B91,[2]Sheet1!$B$4:$J$188,9,0) -> 900 | AF91: =X91-AE91 -> 0 | AG91: =VLOOKUP(B91,'[3]MASTER -COLOR CODE'!$B$6:$C$337,2,0) -> HARINDAR HAJARI
A92: 91 | B92: G145 | C92: JIBAN KUMAR THAKUR | E92: 900 | F92: 700 | G92: 31 | H92: 13 | I92: =G92-H92 -> 18 | J92: =F92/G92*I92 -> 406.45161 | L92: =F92/30/8*1.25*K92 -> 0 | N92: =F92/30/8*1.25*M92 -> 0 | P92: =F92/30/8*1.5*O92 -> 0 | Q92: =I92 -> 18 | R92: 200 | S92: =R92/G92*Q92 -> 116.12903 | T92: 0 | U92: 0 | V92: 0 | W92: 0 | X92: =J92+L92+N92+P92+S92+T92+U92+V92-W92 -> 522.58065 | AA92: 523 | AB92: =X92-AA92 -> -0.41935484 | AC92: =AE92+AB92 -> 899.58065 | AD92: =X92-AC92 -> -377 | AE92: =VLOOKUP(B92,[2]Sheet1!$B$4:$J$188,9,0) -> 900 | AF92: =X92-AE92 -> -377.41935 | AG92: =VLOOKUP(B92,'[3]MASTER -COLOR CODE'!$B$6:$C$337,2,0) -> JIBAN KUMAR THAKUR
A93: 92 | B93: G148 | C93: Sundar kumar Saday Anesiya | E93: 900 | F93: 700 | G93: 31 | H93: 0 | I93: =G93-H93 -> 31 | J93: =F93/G93*I93 -> 700 | L93: =F93/30/8*1.25*K93 -> 0 | N93: =F93/30/8*1.25*M93 -> 0 | P93: =F93/30/8*1.5*O93 -> 0 | Q93: =I93 -> 31 | R93: 200 | S93: =R93/G93*Q93 -> 200 | T93: 0 | U93: 0 | V93: 0 | W93: 0 | X93: =J93+L93+N93+P93+S93+T93+U93+V93-W93 -> 900 | AA93: 900 | AB93: =X93-AA93 -> 0 | AC93: =AE93+AB93 -> 900 | AD93: =X93-AC93 -> 0 | AE93: =VLOOKUP(B93,[2]Sheet1!$B$4:$J$188,9,0) -> 900 | AF93: =X93-AE93 -> 0 | AG93: =VLOOKUP(B93,'[3]MASTER -COLOR CODE'!$B$6:$C$337,2,0) -> SUNDAR KUMAR SADAY ANESIYA
A94: 93 | B94: G151 | C94: Ganesh Rai Kul Bahadur Rai | E94: 900 | F94: 700 | G94: 31 | H94: 0 | I94: =G94-H94 -> 31 | J94: =F94/G94*I94 -> 700 | L94: =F94/30/8*1.25*K94 -> 0 | N94: =F94/30/8*1.25*M94 -> 0 | P94: =F94/30/8*1.5*O94 -> 0 | Q94: =I94 -> 31 | R94: 200 | S94: =R94/G94*Q94 -> 200 | T94: 0 | U94: 0 | V94: 0 | W94: 0 | X94: =J94+L94+N94+P94+S94+T94+U94+V94-W94 -> 900 | AA94: 900 | AB94: =X94-AA94 -> 0 | AC94: =AE94+AB94 -> 900 | AD94: =X94-AC94 -> 0 | AE94: =VLOOKUP(B94,[2]Sheet1!$B$4:$J$188,9,0) -> 900 | AF94: =X94-AE94 -> 0 | AG94: =VLOOKUP(B94,'[3]MASTER -COLOR CODE'!$B$6:$C$337,2,0) -> GANESH RAI KUL BAHADUR RAI
A95: 94 | B95: G152 | C95: Dhanbir Mandal Biltu Mandal | E95: 900 | F95: 700 | G95: 31 | H95: 0 | I95: =G95-H95 -> 31 | J95: =F95/G95*I95 -> 700 | L95: =F95/30/8*1.25*K95 -> 0 | N95: =F95/30/8*1.25*M95 -> 0 | P95: =F95/30/8*1.5*O95 -> 0 | Q95: =I95 -> 31 | R95: 200 | S95: =R95/G95*Q95 -> 200 | T95: 0 | U95: 0 | V95: 0 | W95: 0 | X95: =J95+L95+N95+P95+S95+T95+U95+V95-W95 -> 900 | AA95: 900 | AB95: =X95-AA95 -> 0 | AC95: =AE95+AB95 -> 870 | AD95: =X95-AC95 -> 30 | AE95: =VLOOKUP(B95,[2]Sheet1!$B$4:$J$188,9,0) -> 870 | AF95: =X95-AE95 -> 30 | AG95: =VLOOKUP(B95,'[3]MASTER -COLOR CODE'!$B$6:$C$337,2,0) -> DHANBIR MANDAL BILTU MANDAL
A96: 95 | B96: G155 | C96: Sunil Kumar Yadav Rama Tarait | E96: 900 | F96: 700 | G96: 31 | H96: 0 | I96: =G96-H96 -> 31 | J96: =F96/G96*I96 -> 700 | L96: =F96/30/8*1.25*K96 -> 0 | N96: =F96/30/8*1.25*M96 -> 0 | P96: =F96/30/8*1.5*O96 -> 0 | Q96: =I96 -> 31 | R96: 200 | S96: =R96/G96*Q96 -> 200 | T96: 0 | U96: 0 | V96: 0 | W96: 0 | X96: =J96+L96+N96+P96+S96+T96+U96+V96-W96 -> 900 | AA96: 900 | AB96: =X96-AA96 -> 0 | AC96: =AE96+AB96 -> 900 | AD96: =X96-AC96 -> 0 | AE96: =VLOOKUP(B96,[2]Sheet1!$B$4:$J$188,9,0) -> 900 | AF96: =X96-AE96 -> 0 | AG96: =VLOOKUP(B96,'[3]MASTER -COLOR CODE'!$B$6:$C$337,2,0) -> SUNIL KUMAR YADAV RAMA TARAIT
A97: 96 | B97: G161 | C97: Kumar Bishwakarma Sahaman | E97: 900 | F97: 700 | G97: 31 | H97: 0 | I97: =G97-H97 -> 31 | J97: =F97/G97*I97 -> 700 | L97: =F97/30/8*1.25*K97 -> 0 | N97: =F97/30/8*1.25*M97 -> 0 | P97: =F97/30/8*1.5*O97 -> 0 | Q97: =I97 -> 31 | R97: 200 | S97: =R97/G97*Q97 -> 200 | T97: 0 | U97: 0 | V97: 0 | W97: 0 | X97: =J97+L97+N97+P97+S97+T97+U97+V97-W97 -> 900 | AA97: 900 | AB97: =X97-AA97 -> 0 | AC97: =AE97+AB97 -> 900 | AD97: =X97-AC97 -> 0 | AE97: =VLOOKUP(B97,[2]Sheet1!$B$4:$J$188,9,0) -> 900 | AF97: =X97-AE97 -> 0 | AG97: =VLOOKUP(B97,'[3]MASTER -COLOR CODE'!$B$6:$C$337,2,0) -> KUMAR BISHWAKARMA SAHAMAN
A98: 97 | B98: G162 | C98: Asis Khatwe Jang Bahadur Khatwe | E98: 900 | F98: 700 | G98: 31 | H98: 1 | I98: =G98-H98 -> 30 | J98: =F98/G98*I98 -> 677.41935 | L98: =F98/30/8*1.25*K98 -> 0 | N98: =F98/30/8*1.25*M98 -> 0 | P98: =F98/30/8*1.5*O98 -> 0 | Q98: =I98 -> 30 | R98: 200 | S98: =R98/G98*Q98 -> 193.54839 | T98: 0 | U98: 0 | V98: 0 | W98: 0 | X98: =J98+L98+N98+P98+S98+T98+U98+V98-W98 -> 870.96774 | AA98: 871 | AB98: =X98-AA98 -> -0.032258065 | AC98: =AE98+AB98 -> 899.96774 | AD98: =X98-AC98 -> -29 | AE98: =VLOOKUP(B98,[2]Sheet1!$B$4:$J$188,9,0) -> 900 | AF98: =X98-AE98 -> -29.032258 | AG98: =VLOOKUP(B98,'[3]MASTER -COLOR CODE'!$B$6:$C$337,2,0) -> ASIS KHATWE JANG BAHADUR KHATWE
A99: 98 | B99: G167 | C99: Raj kumar Sada Laxman Sada Mushar | E99: 900 | F99: 700 | G99: 31 | H99: 2 | I99: =G99-H99 -> 29 | J99: =F99/G99*I99 -> 654.83871 | L99: =F99/30/8*1.25*K99 -> 0 | N99: =F99/30/8*1.25*M99 -> 0 | P99: =F99/30/8*1.5*O99 -> 0 | Q99: =I99 -> 29 | R99: 200 | S99: =R99/G99*Q99 -> 187.09677 | T99: 0 | U99: 0 | V99: 0 | W99: 0 | X99: =J99+L99+N99+P99+S99+T99+U99+V99-W99 -> 841.93548 | AA99: 842 | AB99: =X99-AA99 -> -0.064516129 | AC99: =AE99+AB99 -> 899.93548 | AD99: =X99-AC99 -> -58 | AE99: =VLOOKUP(B99,[2]Sheet1!$B$4:$J$188,9,0) -> 900 | AF99: =X99-AE99 -> -58.064516 | AG99: =VLOOKUP(B99,'[3]MASTER -COLOR CODE'!$B$6:$C$337,2,0) -> RAJ KUMAR SADA
A100: 99 | B100: G168 | C100: Mukesh Sada Ram ekbal sada | E100: 900 | F100: 700 | G100: 31 | H100: 0 | I100: =G100-H100 -> 31 | J100: =F100/G100*I100 -> 700 | L100: =F100/30/8*1.25*K100 -> 0 | N100: =F100/30/8*1.25*M100 -> 0 | P100: =F100/30/8*1.5*O100 -> 0 | Q100: =I100 -> 31 | R100: 200 | S100: =R100/G100*Q100 -> 200 | T100: 0 | U100: 0 | V100: 0 | W100: 0 | X100: =J100+L100+N100+P100+S100+T100+U100+V100-W100 -> 900 | AA100: 900 | AB100: =X100-AA100 -> 0 | AC100: =AE100+AB100 -> 900 | AD100: =X100-AC100 -> 0 | AE100: =VLOOKUP(B100,[2]Sheet1!$B$4:$J$188,9,0) -> 900 | AF100: =X100-AE100 -> 0 | AG100: =VLOOKUP(B100,'[3]MASTER -COLOR CODE'!$B$6:$C$337,2,0) -> MUKESH SADA
...

Sheet JUNE Working File  (2)
A2: Sl | B2: ID | C2: Names | D2: Cont salry | E2: Basic | F2: Other Allowances | G2: Food Allowance | H2: Salary Total | I2: days | J2: Abs. | K2: pres | L2: Basic Salary | M2: Wps OT Hours | N2: WPS OT Salary | O2: NON wps OT Hours | P2: NON wps OT Salary | Q2: Sunday OT Hours | R2: Sunday OT Amount | S2: Holiday OT | T2: Holiday OT Amount | U2: food days | V2: Food Amount | W2: Full Att entitled | X2: Full att. | Y2: Other Allowances | Z2: Add. For PH | AA2: Dedu. | AB2: Total salary | AC2: Addition Reason | AD2: Deduction Reason | AF2: Non WPS to be sent
A3: 1 | B3: 75 | C3: MD SHAHBAZ MUHAMMAD AFZAL | E3: 800 | F3: 200 | G3: 200 | H3: =E3+F3+G3 -> 1200 | I3: 30 | J3: 0 | K3: =I3-J3 -> 30 | L3: =E3/I3*K3 -> 800 | M3: 50 | N3: =E3/30/8*1.25*M3 -> 208.33333 | O3: 122.5 | P3: =E3/30*O3/8*1.25 -> 510.41667 | Q3: 28 | R3: =E3/30*Q3/8*1.5 -> 140 | S3: 12.5 | T3: =E3/30*S3/8*2.5 -> 104.16667 | U3: =K3 -> 30 | V3: =G3/I3*U3 -> 200 | W3: 100 | X3: 100 | Y3: =F3/I3*K3 -> 200 | Z3: 50 | AB3: =L3+N3+P3+R3+V3+X3+Y3+Z3-AA3+T3 -> 2312.9167 | AE3: 800 | AF3: =AB3-AE3 -> 1512.9167
A4: =A3+1 -> 2 | B4: 182 | C4: Horamoni | E4: 800 | F4: 200 | G4: 200 | H4: =E4+F4+G4 -> 1200 | I4: 30 | J4: 0 | K4: =I4-J4 -> 30 | L4: =E4/I4*K4 -> 800 | M4: 48 | N4: =E4/30/8*1.25*M4 -> 200 | O4: 39 | P4: =E4/30*O4/8*1.25 -> 162.5 | Q4: 14.5 | R4: =E4/30*Q4/8*1.5 -> 72.5 | S4: 9.5 | T4: =E4/30*S4/8*2.5 -> 79.166667 | U4: =K4 -> 30 | V4: =G4/I4*U4 -> 200 | W4: 100 | X4: 100 | Y4: =F4/I4*K4 -> 200 | Z4: 25 | AB4: =L4+N4+P4+R4+V4+X4+Y4+Z4-AA4+T4 -> 1839.1667 | AE4: 773 | AF4: =AB4-AE4 -> 1066.1667
A5: =A4+1 -> 3 | B5: 189 | C5: KAMAL ABDUR RAHMAN | E5: 800 | F5: 200 | G5: 200 | H5: =E5+F5+G5 -> 1200 | I5: 30 | J5: 0 | K5: =I5-J5 -> 30 | L5: =E5/I5*K5 -> 800 | M5: 50 | N5: =E5/30/8*1.25*M5 -> 208.33333 | O5: 13 | P5: =E5/30*O5/8*1.25 -> 54.166667 | Q5: 6.5 | R5: =E5/30*Q5/8*1.5 -> 32.5 | S5: 11 | T5: =E5/30*S5/8*2.5 -> 91.666667 | U5: =K5 -> 30 | V5: =G5/I5*U5 -> 200 | W5: 100 | X5: 100 | Y5: =F5/I5*K5 -> 200 | Z5: 0 | AB5: =L5+N5+P5+R5+V5+X5+Y5+Z5-AA5+T5 -> 1686.6667 | AE5: 800 | AF5: =AB5-AE5 -> 886.66667
A6: =A5+1 -> 4 | B6: 213 | C6: MUBARAK KALU BHUIYAN | E6: 800 | F6: 200 | G6: 200 | H6: =E6+F6+G6 -> 1200 | I6: 30 | J6: 0 | K6: =I6-J6 -> 30 | L6: =E6/I6*K6 -> 800 | M6: 50 | N6: =E6/30/8*1.25*M6 -> 208.33333 | O6: 25 | P6: =E6/30*O6/8*1.25 -> 104.16667 | Q6: 24 | R6: =E6/30*Q6/8*1.5 -> 120 | S6: 11 | T6: =E6/30*S6/8*2.5 -> 91.666667 | U6: =K6 -> 30 | V6: =G6/I6*U6 -> 200 | W6: 100 | X6: 100 | Y6: =F6/I6*K6 -> 200 | Z6: 50 | AB6: =L6+N6+P6+R6+V6+X6+Y6+Z6-AA6+T6 -> 1874.1667 | AE6: 800 | AF6: =AB6-AE6 -> 1074.1667
A7: =A6+1 -> 5 | B7: 231 | C7: MORSHAD ALAM ABUL KALAM | E7: 800 | F7: 200 | G7: 200 | H7: =E7+F7+G7 -> 1200 | I7: 30 | J7: 30 | K7: =I7-J7 -> 0 | L7: =E7/I7*K7 -> 0 | M7: 0 | N7: =E7/30/8*1.25*M7 -> 0 | O7: 0 | P7: =E7/30*O7/8*1.25 -> 0 | Q7: 0 | R7: =E7/30*Q7/8*1.5 -> 0 | S7: 0 | T7: =E7/30*S7/8*2.5 -> 0 | U7: =K7 -> 0 | V7: =G7/I7*U7 -> 0 | W7: 100 | X7: =W7/I7*K7 -> 0 | Y7: =F7/I7*K7 -> 0 | Z7: 0 | AB7: =L7+N7+P7+R7+V7+X7+Y7+Z7-AA7+T7 -> 0 | AE7: 0 | AF7: =AB7-AE7 -> 0
A8: =A7+1 -> 6 | B8: 234 | C8: AZIZAR MD ROSHAN | E8: 800 | F8: 200 | G8: 200 | H8: =E8+F8+G8 -> 1200 | I8: 30 | J8: 0 | K8: =I8-J8 -> 30 | L8: =E8/I8*K8 -> 800 | M8: 50 | N8: =E8/30/8*1.25*M8 -> 208.33333 | O8: 0 | P8: =E8/30*O8/8*1.25 -> 0 | Q8: 0 | R8: =E8/30*Q8/8*1.5 -> 0 | S8: 0 | T8: =E8/30*S8/8*2.5 -> 0 | U8: =K8 -> 30 | V8: =G8/I8*U8 -> 200 | W8: 100 | X8: 100 | Y8: =F8/I8*K8 -> 200 | Z8: 0 | AB8: =L8+N8+P8+R8+V8+X8+Y8+Z8-AA8+T8 -> 1508.3333 | AE8: 800 | AF8: =AB8-AE8 -> 708.33333
A9: =A8+1 -> 7 | B9: 245 | C9: Abu Bakkar | E9: 800 | F9: 200 | G9: 200 | H9: =E9+F9+G9 -> 1200 | I9: 30 | J9: 0 | K9: =I9-J9 -> 30 | L9: =E9/I9*K9 -> 800 | M9: 50 | N9: =E9/30/8*1.25*M9 -> 208.33333 | O9: 0 | P9: =E9/30*O9/8*1.25 -> 0 | Q9: 0 | R9: =E9/30*Q9/8*1.5 -> 0 | S9: 0 | T9: =E9/30*S9/8*2.5 -> 0 | U9: =K9 -> 30 | V9: 0 | W9: 100 | X9: =W9/I9*K9 -> 100 | Y9: =F9/I9*K9 -> 200 | Z9: 0 | AB9: =L9+N9+P9+R9+V9+X9+Y9+Z9-AA9+T9 -> 1308.3333 | AE9: 800 | AF9: =AB9-AE9 -> 508.33333
A10: =A9+1 -> 8 | B10: 247 | C10: NAZRUL ABDUL MALAK | E10: 800 | F10: 200 | G10: 200 | H10: =E10+F10+G10 -> 1200 | I10: 30 | J10: 0 | K10: =I10-J10 -> 30 | L10: =E10/I10*K10 -> 800 | M10: 50 | N10: =E10/30/8*1.25*M10 -> 208.33333 | O10: 25 | P10: =E10/30*O10/8*1.25 -> 104.16667 | Q10: 28 | R10: =E10/30*Q10/8*1.5 -> 140 | S10: 11 | T10: =E10/30*S10/8*2.5 -> 91.666667 | U10: =K10 -> 30 | V10: =G10/I10*U10 -> 200 | W10: 100 | X10: 100 | Y10: =F10/I10*K10 -> 200 | Z10: 50 | AB10: =L10+N10+P10+R10+V10+X10+Y10+Z10-AA10+T10 -> 1894.1667 | AE10: 800 | AF10: =AB10-AE10 -> 1094.1667
A11: =A10+1 -> 9 | B11: 250 | C11: JAKIR HOSSAIN SIRAJ UDDOULA | E11: 800 | F11: 200 | G11: 200 | H11: =E11+F11+G11 -> 1200 | I11: 30 | J11: 0 | K11: =I11-J11 -> 30 | L11: =E11/I11*K11 -> 800 | M11: 50 | N11: =E11/30/8*1.25*M11 -> 208.33333 | O11: 0 | P11: =E11/30*O11/8*1.25 -> 0 | Q11: 0 | R11: =E11/30*Q11/8*1.5 -> 0 | S11: 0 | T11: =E11/30*S11/8*2.5 -> 0 | U11: =K11 -> 30 | V11: =G11/I11*U11 -> 200 | W11: 100 | X11: =W11/I11*K11 -> 100 | Y11: =F11/I11*K11 -> 200 | Z11: 0 | AB11: =L11+N11+P11+R11+V11+X11+Y11+Z11-AA11+T11 -> 1508.3333 | AE11: 800 | AF11: =AB11-AE11 -> 708.33333
A12: =A11+1 -> 10 | B12: 265 | C12: Jamal Abdul Rahman | E12: 800 | F12: 200 | G12: 200 | H12: =E12+F12+G12 -> 1200 | I12: 30 | J12: 0 | K12: =I12-J12 -> 30 | L12: =E12/I12*K12 -> 800 | M12: 50 | N12: =E12/30/8*1.25*M12 -> 208.33333 | O12: 0 | P12: =E12/30*O12/8*1.25 -> 0 | Q12: 10 | R12: =E12/30*Q12/8*1.5 -> 50 | S12: 0 | T12: =E12/30*S12/8*2.5 -> 0 | U12: =K12 -> 30 | V12: 0 | W12: 100 | X12: 100 | Y12: =F12/I12*K12 -> 200 | Z12: 0 | AB12: =L12+N12+P12+R12+V12+X12+Y12+Z12-AA12+T12 -> 1358.3333 | AE12: 800 | AF12: =AB12-AE12 -> 558.33333
A13: =A12+1 -> 11 | B13: 484 | C13: MD MANSUR ALAM | E13: 800 | F13: 200 | G13: 200 | H13: =E13+F13+G13 -> 1200 | I13: 30 | J13: 12 | K13: =I13-J13 -> 18 | L13: =E13/I13*K13 -> 480 | M13: 30 | N13: =E13/30/8*1.25*M13 -> 125 | O13: 31 | P13: =E13/30*O13/8*1.25 -> 129.16667 | Q13: 10 | R13: =E13/30*Q13/8*1.5 -> 50 | S13: 6.5 | T13: =E13/30*S13/8*2.5 -> 54.166667 | U13: =K13 -> 18 | V13: =G13/I13*U13 -> 120 | W13: 100 | X13: 0 | Y13: =F13/I13*K13 -> 120 | Z13: 0 | AB13: =L13+N13+P13+R13+V13+X13+Y13+Z13-AA13+T13 -> 1078.3333 | AE13: 507 | AF13: =AB13-AE13 -> 571.33333
A14: =A13+1 -> 12 | B14: 603 | C14: TAUSEEF ALI BAGHDAD SHAH | E14: 700 | F14: 300 | G14: 200 | H14: =E14+F14+G14 -> 1200 | I14: 30 | J14: 0 | K14: =I14-J14 -> 30 | L14: =E14/I14*K14 -> 700 | M14: 50 | N14: =E14/30/8*1.25*M14 -> 182.29167 | O14: 25 | P14: =E14/30*O14/8*1.25 -> 91.145833 | Q14: 18 | R14: =E14/30*Q14/8*1.5 -> 78.75 | S14: 11 | T14: =E14/30*S14/8*2.5 -> 80.208333 | U14: =K14 -> 30 | V14: =G14/I14*U14 -> 200 | W14: 100 | X14: 100 | Y14: =F14/I14*K14 -> 300 | Z14: 50 | AB14: =L14+N14+P14+R14+V14+X14+Y14+Z14-AA14+T14 -> 1782.3958 | AE14: 700 | AF14: =AB14-AE14 -> 1082.3958
A15: =A14+1 -> 13 | B15: 604 | C15: Imdad Ali | E15: 700 | F15: 300 | G15: 200 | H15: =E15+F15+G15 -> 1200 | I15: 30 | J15: 0 | K15: =I15-J15 -> 30 | L15: =E15/I15*K15 -> 700 | M15: 50 | N15: =E15/30/8*1.25*M15 -> 182.29167 | O15: 51 | P15: =E15/30*O15/8*1.25 -> 185.9375 | Q15: 12 | R15: =E15/30*Q15/8*1.5 -> 52.5 | S15: 11 | T15: =E15/30*S15/8*2.5 -> 80.208333 | U15: =K15 -> 30 | V15: =G15/I15*U15 -> 200 | W15: 100 | X15: 100 | Y15: =F15/I15*K15 -> 300 | Z15: 25 | AB15: =L15+N15+P15+R15+V15+X15+Y15+Z15-AA15+T15 -> 1825.9375 | AE15: 700 | AF15: =AB15-AE15 -> 1125.9375
A16: =A15+1 -> 14 | B16: 606 | C16: AZEEM KHAN MUHAMMAD BASHIR | E16: 900 | F16: 200 | G16: 200 | H16: =E16+F16+G16 -> 1300 | I16: 30 | J16: 0 | K16: =I16-J16 -> 30 | L16: =E16/I16*K16 -> 900 | M16: 48 | N16: =E16/30/8*1.25*M16 -> 225 | O16: 24 | P16: =E16/30*O16/8*1.25 -> 112.5 | Q16: 12 | R16: =E16/30*Q16/8*1.5 -> 67.5 | S16: 11 | T16: =E16/30*S16/8*2.5 -> 103.125 | U16: =K16 -> 30 | V16: =G16/I16*U16 -> 200 | W16: 100 | X16: =W16/I16*K16 -> 100 | Y16: =F16/I16*K16 -> 200 | Z16: 25 | AB16: =L16+N16+P16+R16+V16+X16+Y16+Z16-AA16+T16 -> 1933.125 | AE16: 900 | AF16: =AB16-AE16 -> 1033.125
A17: =A16+1 -> 15 | B17: 626 | C17: RIYAJUDDEEN ANSARI RAHAMAN ANSARI | E17: 900 | F17: 100 | G17: 200 | H17: =E17+F17+G17 -> 1200 | I17: 30 | J17: 0 | K17: =I17-J17 -> 30 | L17: =E17/I17*K17 -> 900 | M17: 50 | N17: =E17/30/8*1.25*M17 -> 234.375 | O17: 13 | P17: =E17/30*O17/8*1.25 -> 60.9375 | Q17: 6.5 | R17: =E17/30*Q17/8*1.5 -> 36.5625 | S17: 11 | T17: =E17/30*S17/8*2.5 -> 103.125 | U17: =K17 -> 30 | V17: =G17/I17*U17 -> 200 | W17: 100 | X17: 100 | Y17: =F17/I17*K17 -> 100 | Z17: 0 | AB17: =L17+N17+P17+R17+V17+X17+Y17+Z17-AA17+T17 -> 1735 | AE17: 900 | AF17: =AB17-AE17 -> 835
A18: =A17+1 -> 16 | B18: 652 | C18: RAM VILASH SINGH YADAV | E18: 900 | F18: 100 | G18: 200 | H18: =E18+F18+G18 -> 1200 | I18: 30 | J18: 2 | K18: =I18-J18 -> 28 | L18: =E18/I18*K18 -> 840 | M18: 44 | N18: =E18/30/8*1.25*M18 -> 206.25 | O18: 22 | P18: =E18/30*O18/8*1.25 -> 103.125 | Q18: 18 | R18: =E18/30*Q18/8*1.5 -> 101.25 | S18: 11 | T18: =E18/30*S18/8*2.5 -> 103.125 | U18: =K18 -> 28 | V18: =G18/I18*U18 -> 186.66667 | W18: 100 | X18: 0 | Y18: =F18/I18*K18 -> 93.333333 | Z18: 50 | AB18: =L18+N18+P18+R18+V18+X18+Y18+Z18-AA18+T18 -> 1683.75 | AE18: 840 | AF18: =AB18-AE18 -> 843.75
A19: =A18+1 -> 17 | B19: 662 | C19: SHAILESH YADAV VEERA YADAV | E19: 900 | F19: 100 | G19: 200 | H19: =E19+F19+G19 -> 1200 | I19: 30 | J19: 0 | K19: =I19-J19 -> 30 | L19: =E19/I19*K19 -> 900 | M19: 50 | N19: =E19/30/8*1.25*M19 -> 234.375 | O19: 0 | P19: =E19/30*O19/8*1.25 -> 0 | Q19: 0 | R19: =E19/30*Q19/8*1.5 -> 0 | S19: 0 | T19: =E19/30*S19/8*2.5 -> 0 | U19: =K19 -> 30 | V19: 0 | W19: 100 | X19: 100 | Y19: =F19/I19*K19 -> 100 | Z19: 0 | AB19: =L19+N19+P19+R19+V19+X19+Y19+Z19-AA19+T19 -> 1334.375 | AE19: 900 | AF19: =AB19-AE19 -> 434.375
A20: =A19+1 -> 18 | B20: 669 | C20: MAHENDRA THAPA GAJE THAPA | E20: 700 | F20: 100 | G20: 200 | H20: =E20+F20+G20 -> 1000 | I20: 30 | J20: 21 | K20: =I20-J20 -> 9 | L20: =E20/I20*K20 -> 210 | M20: 16 | N20: =E20/30/8*1.25*M20 -> 58.333333 | O20: 16 | P20: =E20/30*O20/8*1.25 -> 58.333333 | Q20: 0 | R20: =E20/30*Q20/8*1.5 -> 0 | S20: 0 | T20: =E20/30*S20/8*2.5 -> 0 | U20: =K20 -> 9 | V20: =G20/I20*U20 -> 60 | W20: 100 | X20: 0 | Y20: =F20/I20*K20 -> 30 | Z20: 0 | AB20: =L20+N20+P20+R20+V20+X20+Y20+Z20-AA20+T20 -> 416.66667 | AE20: 210 | AF20: =AB20-AE20 -> 206.66667
A21: =A20+1 -> 19 | B21: 670 | C21: BIKRAM YADAV TILAKRAM YADAV | E21: 800 | F21: 100 | G21: 200 | H21: =E21+F21+G21 -> 1100 | I21: 30 | J21: 0 | K21: =I21-J21 -> 30 | L21: =E21/I21*K21 -> 800 | M21: 50 | N21: =E21/30/8*1.25*M21 -> 208.33333 | O21: 30 | P21: =E21/30*O21/8*1.25 -> 125 | Q21: 32 | R21: =E21/30*Q21/8*1.5 -> 160 | S21: 11 | T21: =E21/30*S21/8*2.5 -> 91.666667 | U21: =K21 -> 30 | V21: =G21/I21*U21 -> 200 | W21: 100 | X21: =W21/I21*K21 -> 100 | Y21: =F21/I21*K21 -> 100 | Z21: 50 | AB21: =L21+N21+P21+R21+V21+X21+Y21+Z21-AA21+T21 -> 1835 | AE21: 800 | AF21: =AB21-AE21 -> 1035
A22: =A21+1 -> 20 | B22: 693 | C22: AMIT KUMAR UPADHYAY | E22: 800 | F22: 100 | G22: 200 | H22: =E22+F22+G22 -> 1100 | I22: 30 | J22: 0 | K22: =I22-J22 -> 30 | L22: =E22/I22*K22 -> 800 | M22: 48 | N22: =E22/30/8*1.25*M22 -> 200 | O22: 12 | P22: =E22/30*O22/8*1.25 -> 50 | Q22: 6.5 | R22: =E22/30*Q22/8*1.5 -> 32.5 | S22: 11 | T22: =E22/30*S22/8*2.5 -> 91.666667 | U22: =K22 -> 30 | V22: =G22/I22*U22 -> 200 | W22: 100 | X22: =W22/I22*K22 -> 100 | Y22: =F22/I22*K22 -> 100 | Z22: 0 | AB22: =L22+N22+P22+R22+V22+X22+Y22+Z22-AA22+T22 -> 1574.1667 | AE22: 800 | AF22: =AB22-AE22 -> 774.16667
A23: =A22+1 -> 21 | B23: 695 | C23: TEJ BAHADUR RANA | E23: 700 | F23: 100 | G23: 200 | H23: =E23+F23+G23 -> 1000 | I23: 30 | J23: 0 | K23: =I23-J23 -> 30 | L23: =E23/I23*K23 -> 700 | M23: 48 | N23: =E23/30/8*1.25*M23 -> 175 | O23: 0 | P23: =E23/30*O23/8*1.25 -> 0 | Q23: 0 | R23: =E23/30*Q23/8*1.5 -> 0 | S23: 0 | T23: =E23/30*S23/8*2.5 -> 0 | U23: =K23 -> 30 | V23: =G23/I23*U23 -> 200 | W23: 100 | X23: =W23/I23*K23 -> 100 | Y23: =F23/I23*K23 -> 100 | Z23: 0 | AB23: =L23+N23+P23+R23+V23+X23+Y23+Z23-AA23+T23 -> 1275 | AE23: 700 | AF23: =AB23-AE23 -> 575
A24: =A23+1 -> 22 | B24: 704 | C24: RAM RATTAN CHAUHAN | E24: 900 | F24: 100 | G24: 200 | H24: =E24+F24+G24 -> 1200 | I24: 30 | J24: 1 | K24: =I24-J24 -> 29 | L24: =E24/I24*K24 -> 870 | M24: 48 | N24: =E24/30/8*1.25*M24 -> 225 | O24: 0 | P24: =E24/30*O24/8*1.25 -> 0 | Q24: 0 | R24: =E24/30*Q24/8*1.5 -> 0 | S24: 0 | T24: =E24/30*S24/8*2.5 -> 0 | U24: =K24 -> 29 | V24: 0 | W24: 100 | X24: 0 | Y24: =F24/I24*K24 -> 96.666667 | Z24: 0 | AB24: =L24+N24+P24+R24+V24+X24+Y24+Z24-AA24+T24 -> 1191.6667 | AE24: 900 | AF24: =AB24-AE24 -> 291.66667
A25: =A24+1 -> 23 | B25: 777 | C25: JAYRAM MUKHRAN | E25: 800 | F25: 200 | G25: 200 | H25: =E25+F25+G25 -> 1200 | I25: 30 | J25: 1 | K25: =I25-J25 -> 29 | L25: =E25/I25*K25 -> 773.33333 | M25: 48 | N25: =E25/30/8*1.25*M25 -> 200 | O25: 53.5 | P25: =E25/30*O25/8*1.25 -> 222.91667 | Q25: 32 | R25: =E25/30*Q25/8*1.5 -> 160 | S25: 0 | T25: =E25/30*S25/8*2.5 -> 0 | U25: =K25 -> 29 | V25: =G25/I25*U25 -> 193.33333 | W25: 100 | X25: 0 | Y25: =F25/I25*K25 -> 193.33333 | Z25: 50 | AB25: =L25+N25+P25+R25+V25+X25+Y25+Z25-AA25+T25 -> 1792.9167 | AE25: 773 | AF25: =AB25-AE25 -> 1019.9167
A26: =A25+1 -> 24 | B26: 790 | C26: RABINDRA DAS TATMA | E26: 700 | F26: 200 | G26: 200 | H26: =E26+F26+G26 -> 1100 | I26: 30 | J26: 0 | K26: =I26-J26 -> 30 | L26: =E26/I26*K26 -> 700 | M26: 50 | N26: =E26/30/8*1.25*M26 -> 182.29167 | O26: 0 | P26: =E26/30*O26/8*1.25 -> 0 | Q26: 0 | R26: =E26/30*Q26/8*1.5 -> 0 | S26: 0 | T26: =E26/30*S26/8*2.5 -> 0 | U26: =K26 -> 30 | V26: 0 | W26: 100 | X26: 100 | Y26: =F26/I26*K26 -> 200 | Z26: 0 | AB26: =L26+N26+P26+R26+V26+X26+Y26+Z26-AA26+T26 -> 1182.2917 | AE26: 700 | AF26: =AB26-AE26 -> 482.29167
A27: =A26+1 -> 25 | B27: 814 | C27: SANJAY KUMAR MANDAL | E27: 700 | F27: 200 | G27: 200 | H27: =E27+F27+G27 -> 1100 | I27: 30 | J27: 0 | K27: =I27-J27 -> 30 | L27: =E27/I27*K27 -> 700 | M27: 50 | N27: =E27/30/8*1.25*M27 -> 182.29167 | O27: 0 | P27: =E27/30*O27/8*1.25 -> 0 | Q27: 10 | R27: =E27/30*Q27/8*1.5 -> 43.75 | S27: 0 | T27: =E27/30*S27/8*2.5 -> 0 | U27: =K27 -> 30 | V27: 0 | W27: 100 | X27: 100 | Y27: =F27/I27*K27 -> 200 | Z27: 0 | AB27: =L27+N27+P27+R27+V27+X27+Y27+Z27-AA27+T27 -> 1226.0417 | AE27: 700 | AF27: =AB27-AE27 -> 526.04167
A28: =A27+1 -> 26 | B28: 818 | C28: MANOJ YADAV RAM ADHAR YADAV | E28: 900 | F28: 100 | G28: 200 | H28: =E28+F28+G28 -> 1200 | I28: 30 | J28: 0 | K28: =I28-J28 -> 30 | L28: =E28/I28*K28 -> 900 | M28: 50 | N28: =E28/30/8*1.25*M28 -> 234.375 | O28: 61.5 | P28: =E28/30*O28/8*1.25 -> 288.28125 | Q28: 32 | R28: =E28/30*Q28/8*1.5 -> 180 | S28: 0 | T28: =E28/30*S28/8*2.5 -> 0 | U28: =K28 -> 30 | V28: =G28/I28*U28 -> 200 | W28: 100 | X28: 100 | Y28: =F28/I28*K28 -> 100 | Z28: 50 | AB28: =L28+N28+P28+R28+V28+X28+Y28+Z28-AA28+T28 -> 2052.6562 | AE28: 900 | AF28: =AB28-AE28 -> 1152.6562
A29: =A28+1 -> 27 | B29: 821 | C29: Shankar singh | E29: 900 | F29: 100 | G29: 200 | H29: =E29+F29+G29 -> 1200 | I29: 30 | J29: 0 | K29: =I29-J29 -> 30 | L29: =E29/I29*K29 -> 900 | M29: 50 | N29: =E29/30/8*1.25*M29 -> 234.375 | O29: 24 | P29: =E29/30*O29/8*1.25 -> 112.5 | Q29: 15 | R29: =E29/30*Q29/8*1.5 -> 84.375 | S29: 0 | T29: =E29/30*S29/8*2.5 -> 0 | U29: =K29 -> 30 | V29: =G29/I29*U29 -> 200 | W29: 100 | X29: =W29/I29*K29 -> 100 | Y29: =F29/I29*K29 -> 100 | Z29: 225 | AB29: =L29+N29+P29+R29+V29+X29+Y29+Z29-AA29+T29 -> 1956.25 | AE29: 900 | AF29: =AB29-AE29 -> 1056.25
A30: =A29+1 -> 28 | B30: 836 | C30: Girijesh Paras Nath | E30: 800 | F30: 100 | G30: 200 | H30: =E30+F30+G30 -> 1100 | I30: 30 | J30: 0 | K30: =I30-J30 -> 30 | L30: =E30/I30*K30 -> 800 | M30: 50 | N30: =E30/30/8*1.25*M30 -> 208.33333 | O30: 25 | P30: =E30/30*O30/8*1.25 -> 104.16667 | Q30: 28 | R30: =E30/30*Q30/8*1.5 -> 140 | S30: 11 | T30: =E30/30*S30/8*2.5 -> 91.666667 | U30: =K30 -> 30 | V30: =G30/I30*U30 -> 200 | W30: 100 | X30: 100 | Y30: =F30/I30*K30 -> 100 | Z30: 50 | AA30: 200 | AB30: =L30+N30+P30+R30+V30+X30+Y30+Z30-AA30+T30 -> 1594.1667 | AD30: Extra Vacation Penalty | AE30: 800 | AF30: =AB30-AE30 -> 794.16667
A31: =A30+1 -> 29 | B31: 837 | C31: Ram lakhan | E31: 900 | F31: 100 | G31: 200 | H31: =E31+F31+G31 -> 1200 | I31: 30 | J31: 4 | K31: =I31-J31 -> 26 | L31: =E31/I31*K31 -> 780 | M31: 40 | N31: =E31/30/8*1.25*M31 -> 187.5 | O31: 27.5 | P31: =E31/30*O31/8*1.25 -> 128.90625 | Q31: 8 | R31: =E31/30*Q31/8*1.5 -> 45 | S31: 0 | T31: =E31/30*S31/8*2.5 -> 0 | U31: =K31 -> 26 | V31: =G31/I31*U31 -> 173.33333 | W31: 100 | X31: 0 | Y31: =F31/I31*K31 -> 86.666667 | Z31: 0 | AA31: 50 | AB31: =L31+N31+P31+R31+V31+X31+Y31+Z31-AA31+T31 -> 1351.4062 | AD31: Extra Absent | AE31: 780 | AF31: =AB31-AE31 -> 571.40625
A32: =A31+1 -> 30 | B32: 840 | C32: BAKSHISH JABBAR | E32: 900 | F32: 200 | G32: 200 | H32: =E32+F32+G32 -> 1300 | I32: 30 | J32: 0 | K32: =I32-J32 -> 30 | L32: =E32/I32*K32 -> 900 | M32: 50 | N32: =E32/30/8*1.25*M32 -> 234.375 | O32: 0 | P32: =E32/30*O32/8*1.25 -> 0 | Q32: 0 | R32: =E32/30*Q32/8*1.5 -> 0 | S32: 0 | T32: =E32/30*S32/8*2.5 -> 0 | U32: =K32 -> 30 | V32: 0 | W32: 100 | X32: 100 | Y32: =F32/I32*K32 -> 200 | Z32: 0 | AB32: =L32+N32+P32+R32+V32+X32+Y32+Z32-AA32+T32 -> 1434.375 | AE32: 900 | AF32: =AB32-AE32 -> 534.375
A33: =A32+1 -> 31 | B33: 845 | C33: HARIDWAR CHAUHAN | E33: 900 | F33: 100 | G33: 200 | H33: =E33+F33+G33 -> 1200 | I33: 30 | J33: 0 | K33: =I33-J33 -> 30 | L33: =E33/I33*K33 -> 900 | M33: 50 | N33: =E33/30/8*1.25*M33 -> 234.375 | O33: 70.5 | P33: =E33/30*O33/8*1.25 -> 330.46875 | Q33: 31 | R33: =E33/30*Q33/8*1.5 -> 174.375 | S33: 9.5 | T33: =E33/30*S33/8*2.5 -> 89.0625 | U33: =K33 -> 30 | V33: =G33/I33*U33 -> 200 | W33: 100 | X33: =W33/I33*K33 -> 100 | Y33: =F33/I33*K33 -> 100 | Z33: 50 | AB33: =L33+N33+P33+R33+V33+X33+Y33+Z33-AA33+T33 -> 2178.2812 | AE33: 900 | AF33: =AB33-AE33 -> 1278.2812
A34: =A33+1 -> 32 | B34: 848 | C34: DARSHAN AMRIT PAL | E34: 700 | F34: 200 | G34: 200 | H34: =E34+F34+G34 -> 1100 | I34: 30 | J34: 11 | K34: =I34-J34 -> 19 | L34: =E34/I34*K34 -> 443.33333 | M34: 32 | N34: =E34/30/8*1.25*M34 -> 116.66667 | O34: 4 | P34: =E34/30*O34/8*1.25 -> 14.583333 | Q34: 0 | R34: =E34/30*Q34/8*1.5 -> 0 | S34: 11 | T34: =E34/30*S34/8*2.5 -> 80.208333 | U34: =K34 -> 19 | V34: =G34/I34*U34 -> 126.66667 | W34: 100 | X34: 0 | Y34: =F34/I34*K34 -> 126.66667 | Z34: 0 | AB34: =L34+N34+P34+R34+V34+X34+Y34+Z34-AA34+T34 -> 908.125 | AE34: 443 | AF34: =AB34-AE34 -> 465.125
A35: =A34+1 -> 33 | B35: 849 | C35: PARDESHI GURUSANT | E35: 900 | F35: 100 | G35: 200 | H35: =E35+F35+G35 -> 1200 | I35: 30 | J35: 13 | K35: =I35-J35 -> 17 | L35: =E35/I35*K35 -> 510 | M35: 28 | N35: =E35/30/8*1.25*M35 -> 131.25 | O35: 0 | P35: =E35/30*O35/8*1.25 -> 0 | Q35: 0 | R35: =E35/30*Q35/8*1.5 -> 0 | S35: 0 | T35: =E35/30*S35/8*2.5 -> 0 | U35: =K35 -> 17 | V35: =G35/I35*U35 -> 113.33333 | W35: 100 | Y35: =F35/I35*K35 -> 56.666667 | Z35: 0 | AB35: =L35+N35+P35+R35+V35+X35+Y35+Z35-AA35+T35 -> 811.25 | AE35: 480 | AF35: =AB35-AE35 -> 331.25
A36: =A35+1 -> 34 | B36: 881 | C36: Suresh Bista | E36: 700 | F36: 200 | G36: 200 | H36: =E36+F36+G36 -> 1100 | I36: 30 | J36: 0 | K36: =I36-J36 -> 30 | L36: =E36/I36*K36 -> 700 | M36: 46 | N36: =E36/30/8*1.25*M36 -> 167.70833 | O36: 11 | P36: =E36/30*O36/8*1.25 -> 40.104167 | Q36: 6.5 | R36: =E36/30*Q36/8*1.5 -> 28.4375 | S36: 11 | T36: =E36/30*S36/8*2.5 -> 80.208333 | U36: =K36 -> 30 | V36: =G36/I36*U36 -> 200 | W36: 100 | X36: 100 | Y36: =F36/I36*K36 -> 200 | Z36: 0 | AB36: =L36+N36+P36+R36+V36+X36+Y36+Z36-AA36+T36 -> 1516.4583 | AE36: 700 | AF36: =AB36-AE36 -> 816.45833
A37: =A36+1 -> 35 | B37: 963 | C37: JANAK YADAV SHIV S | D37: 1000 | E37: 800 | F37: 100 | G37: 200 | H37: =E37+F37+G37 -> 1100 | I37: 30 | J37: 0 | K37: =I37-J37 -> 30 | L37: =E37/I37*K37 -> 800 | M37: 50 | N37: =E37/30/8*1.25*M37 -> 208.33333 | O37: 28.5 | P37: =E37/30*O37/8*1.25 -> 118.75 | Q37: 0 | R37: =E37/30*Q37/8*1.5 -> 0 | S37: 6.5 | T37: =E37/30*S37/8*2.5 -> 54.166667 | U37: =K37 -> 30 | V37: =G37/I37*U37 -> 200 | W37: 0 | X37: =W37/I37*K37 -> 0 | Y37: =F37/I37*K37 -> 100 | Z37: 0 | AB37: =L37+N37+P37+R37+V37+X37+Y37+Z37-AA37+T37 -> 1481.25 | AE37: 900 | AF37: =AB37-AE37 -> 581.25
A38: =A37+1 -> 36 | B38: 984 | C38: SHAMROZ NASRA DIN | E38: 700 | F38: 100 | G38: 200 | H38: =E38+F38+G38 -> 1000 | I38: 30 | J38: 0 | K38: =I38-J38 -> 30 | L38: =E38/I38*K38 -> 700 | M38: 50 | N38: =E38/30/8*1.25*M38 -> 182.29167 | O38: 43 | P38: =E38/30*O38/8*1.25 -> 156.77083 | Q38: 16 | R38: =E38/30*Q38/8*1.5 -> 70 | S38: 0 | T38: =E38/30*S38/8*2.5 -> 0 | U38: =K38 -> 30 | V38: =G38/I38*U38 -> 200 | W38: 0 | X38: =W38/I38*K38 -> 0 | Y38: =F38/I38*K38 -> 100 | Z38: 25 | AA38: 28 | AB38: =L38+N38+P38+R38+V38+X38+Y38+Z38-AA38+T38 -> 1406.0625 | AD38: Exra Vacation Penalty | AE38: 700 | AF38: =AB38-AE38 -> 706.0625
A39: =A38+1 -> 37 | B39: 985 | C39: IMRAN MIR KAMAN | E39: 700 | F39: 100 | G39: 200 | H39: =E39+F39+G39 -> 1000 | I39: 30 | J39: 1 | K39: =I39-J39 -> 29 | L39: =E39/I39*K39 -> 676.66667 | M39: 42 | N39: =E39/30/8*1.25*M39 -> 153.125 | O39: 30 | P39: =E39/30*O39/8*1.25 -> 109.375 | Q39: 14 | R39: =E39/30*Q39/8*1.5 -> 61.25 | S39: 0 | T39: =E39/30*S39/8*2.5 -> 0 | U39: =K39 -> 29 | V39: =G39/I39*U39 -> 193.33333 | W39: 0 | X39: =W39/I39*K39 -> 0 | Y39: =F39/I39*K39 -> 96.666667 | Z39: 25 | AA39: 20 | AB39: =L39+N39+P39+R39+V39+X39+Y39+Z39-AA39+T39 -> 1295.4167 | AD39: Advance Salary | AE39: 700 | AF39: =AB39-AE39 -> 595.41667
A40: =A39+1 -> 38 | B40: 995 | C40: MUNAWAR SAEED AHMAD | E40: 700 | F40: 100 | G40: 200 | H40: =E40+F40+G40 -> 1000 | I40: 30 | J40: 1 | K40: =I40-J40 -> 29 | L40: =E40/I40*K40 -> 676.66667 | M40: 44 | N40: =E40/30/8*1.25*M40 -> 160.41667 | O40: 0 | P40: =E40/30*O40/8*1.25 -> 0 | Q40: 0 | R40: =E40/30*Q40/8*1.5 -> 0 | S40: 0 | T40: =E40/30*S40/8*2.5 -> 0 | U40: =K40 -> 29 | V40: =G40/I40*U40 -> 193.33333 | W40: 0 | X40: =W40/I40*K40 -> 0 | Y40: =F40/I40*K40 -> 96.666667 | Z40: 0 | AB40: =L40+N40+P40+R40+V40+X40+Y40+Z40-AA40+T40 -> 1127.0833 | AE40: 653 | AF40: =AB40-AE40 -> 474.08333
A41: =A40+1 -> 39 | B41: 1005 | C41: SHELIM OHAB MOLLAH | E41: 900 | F41: 200 | G41: 200 | H41: =E41+F41+G41 -> 1300 | I41: 30 | J41: 0 | K41: =I41-J41 -> 30 | L41: =E41/I41*K41 -> 900 | M41: 50 | N41: =E41/30/8*1.25*M41 -> 234.375 | O41: 27 | P41: =E41/30*O41/8*1.25 -> 126.5625 | Q41: 33 | R41: =E41/30*Q41/8*1.5 -> 185.625 | S41: 11 | T41: =E41/30*S41/8*2.5 -> 103.125 | U41: =K41 -> 30 | V41: =G41/I41*U41 -> 200 | W41: 100 | X41: =W41/I41*K41 -> 100 | Y41: =F41/I41*K41 -> 200 | Z41: 50 | AB41: =L41+N41+P41+R41+V41+X41+Y41+Z41-AA41+T41 -> 2099.6875 | AE41: 900 | AF41: =AB41-AE41 -> 1199.6875
A42: =A41+1 -> 40 | B42: 1009 | C42: HABIL MIA JAMALIDDIN | E42: 900 | F42: 200 | G42: 200 | H42: =E42+F42+G42 -> 1300 | I42: 30 | J42: 0 | K42: =I42-J42 -> 30 | L42: =E42/I42*K42 -> 900 | M42: 50 | N42: =E42/30/8*1.25*M42 -> 234.375 | O42: 31.5 | P42: =E42/30*O42/8*1.25 -> 147.65625 | Q42: 25.5 | R42: =E42/30*Q42/8*1.5 -> 143.4375 | S42: 7.5 | T42: =E42/30*S42/8*2.5 -> 70.3125 | U42: =K42 -> 30 | V42: =G42/I42*U42 -> 200 | W42: 100 | X42: 100 | Y42: =F42/I42*K42 -> 200 | Z42: 50 | AB42: =L42+N42+P42+R42+V42+X42+Y42+Z42-AA42+T42 -> 2045.7812 | AE42: 900 | AF42: =AB42-AE42 -> 1145.7812
A43: =A42+1 -> 41 | B43: 1012 | C43: JAFAR UDDIN KADAM ALI | E43: 900 | F43: 200 | G43: 200 | H43: =E43+F43+G43 -> 1300 | I43: 30 | J43: 0 | K43: =I43-J43 -> 30 | L43: =E43/I43*K43 -> 900 | M43: 44 | N43: =E43/30/8*1.25*M43 -> 206.25 | O43: 8 | P43: =E43/30*O43/8*1.25 -> 37.5 | Q43: 6.5 | R43: =E43/30*Q43/8*1.5 -> 36.5625 | S43: 0 | T43: =E43/30*S43/8*2.5 -> 0 | U43: =K43 -> 30 | V43: =G43/I43*U43 -> 200 | W43: 100 | X43: 100 | Y43: =F43/I43*K43 -> 200 | Z43: 0 | AA43: 50 | AB43: =L43+N43+P43+R43+V43+X43+Y43+Z43-AA43+T43 -> 1630.3125 | AD43: Advance Salary | AE43: 900 | AF43: =AB43-AE43 -> 730.3125
A44: =A43+1 -> 42 | B44: 1015 | C44: HARBHAJAN SINGH SARWAN SINGH | E44: 900 | F44: 200 | G44: 200 | H44: =E44+F44+G44 -> 1300 | I44: 30 | J44: 0 | K44: =I44-J44 -> 30 | L44: =E44/I44*K44 -> 900 | M44: 50 | N44: =E44/30/8*1.25*M44 -> 234.375 | O44: 30 | P44: =E44/30*O44/8*1.25 -> 140.625 | Q44: 23 | R44: =E44/30*Q44/8*1.5 -> 129.375 | S44: 6.5 | T44: =E44/30*S44/8*2.5 -> 60.9375 | U44: =K44 -> 30 | V44: =G44/I44*U44 -> 200 | W44: 100 | X44: 100 | Y44: =F44/I44*K44 -> 200 | Z44: 50 | AB44: =L44+N44+P44+R44+V44+X44+Y44+Z44-AA44+T44 -> 2015.3125 | AE44: 870 | AF44: =AB44-AE44 -> 1145.3125
A45: =A44+1 -> 43 | B45: 1034 | C45: RAFIQUL SHORIF KUBAD | E45: 900 | F45: 200 | G45: 200 | H45: =E45+F45+G45 -> 1300 | I45: 30 | J45: 0 | K45: =I45-J45 -> 30 | L45: =E45/I45*K45 -> 900 | M45: 50 | N45: =E45/30/8*1.25*M45 -> 234.375 | O45: 64 | P45: =E45/30*O45/8*1.25 -> 300 | Q45: 32 | R45: =E45/30*Q45/8*1.5 -> 180 | S45: 0 | T45: =E45/30*S45/8*2.5 -> 0 | U45: =K45 -> 30 | V45: =G45/I45*U45 -> 200 | W45: 100 | X45: 100 | Y45: =F45/I45*K45 -> 200 | Z45: 50 | AB45: =L45+N45+P45+R45+V45+X45+Y45+Z45-AA45+T45 -> 2164.375 | AE45: 900 | AF45: =AB45-AE45 -> 1264.375
A46: =A45+1 -> 44 | B46: 1035 | C46: MAMUN JAYNAL ABEDIN | E46: 900 | F46: 200 | G46: 200 | H46: =E46+F46+G46 -> 1300 | I46: 30 | J46: 30 | K46: =I46-J46 -> 0 | L46: =E46/I46*K46 -> 0 | M46: 0 | N46: =E46/30/8*1.25*M46 -> 0 | O46: 0 | P46: =E46/30*O46/8*1.25 -> 0 | Q46: 0 | R46: =E46/30*Q46/8*1.5 -> 0 | S46: 0 | T46: =E46/30*S46/8*2.5 -> 0 | U46: =K46 -> 0 | V46: =G46/I46*U46 -> 0 | W46: 100 | X46: 0 | Y46: =F46/I46*K46 -> 0 | Z46: 0 | AB46: =L46+N46+P46+R46+V46+X46+Y46+Z46-AA46+T46 -> 0 | AE46: 0 | AF46: =AB46-AE46 -> 0
A47: =A46+1 -> 45 | B47: 1045 | C47: DALOWAR HOSSAIN | E47: 900 | F47: 200 | G47: 200 | H47: =E47+F47+G47 -> 1300 | I47: 30 | J47: 0 | K47: =I47-J47 -> 30 | L47: =E47/I47*K47 -> 900 | M47: 50 | N47: =E47/30/8*1.25*M47 -> 234.375 | O47: 16 | P47: =E47/30*O47/8*1.25 -> 75 | Q47: 9 | R47: =E47/30*Q47/8*1.5 -> 50.625 | S47: 0 | T47: =E47/30*S47/8*2.5 -> 0 | U47: =K47 -> 30 | V47: =G47/I47*U47 -> 200 | W47: 100 | X47: =W47/I47*K47 -> 100 | Y47: =F47/I47*K47 -> 200 | Z47: 0 | AB47: =L47+N47+P47+R47+V47+X47+Y47+Z47-AA47+T47 -> 1760 | AE47: 900 | AF47: =AB47-AE47 -> 860
A48: =A47+1 -> 46 | B48: 1055 | C48: KAMALUDDIN AFILUDDIN | E48: 900 | F48: 200 | G48: 200 | H48: =E48+F48+G48 -> 1300 | I48: 30 | J48: 9 | K48: =I48-J48 -> 21 | L48: =E48/I48*K48 -> 630 | M48: 34 | N48: =E48/30/8*1.25*M48 -> 159.375 | O48: 19.5 | P48: =E48/30*O48/8*1.25 -> 91.40625 | Q48: 16.5 | R48: =E48/30*Q48/8*1.5 -> 92.8125 | S48: 6.5 | T48: =E48/30*S48/8*2.5 -> 60.9375 | U48: =K48 -> 21 | V48: =G48/I48*U48 -> 140 | W48: 100 | X48: 0 | Y48: =F48/I48*K48 -> 140 | Z48: 25 | AA48: 196 | AB48: =L48+N48+P48+R48+V48+X48+Y48+Z48-AA48+T48 -> 1143.5312 | AD48: Extra Vacation Penalty | AE48: 630 | AF48: =AB48-AE48 -> 513.53125
A49: =A48+1 -> 47 | B49: 2174 | C49: MUHAMMAD SHAKIR MUHAMMAD AMIN | E49: 700 | F49: 300 | G49: 200 | H49: =E49+F49+G49 -> 1200 | I49: 30 | J49: 26 | K49: =I49-J49 -> 4 | L49: =E49/I49*K49 -> 93.333333 | M49: 8 | N49: =E49/30/8*1.25*M49 -> 29.166667 | O49: 4 | P49: =E49/30*O49/8*1.25 -> 14.583333 | Q49: 0 | R49: =E49/30*Q49/8*1.5 -> 0 | S49: 0 | T49: =E49/30*S49/8*2.5 -> 0 | U49: =K49 -> 4 | V49: =G49/I49*U49 -> 26.666667 | W49: 100 | X49: 0 | Y49: =F49/I49*K49 -> 40 | Z49: 0 | AB49: =L49+N49+P49+R49+V49+X49+Y49+Z49-AA49+T49 -> 203.75 | AE49: 93 | AF49: =AB49-AE49 -> 110.75
A50: =A49+1 -> 48 | B50: C015 | C50: JAVED KHAN JUMMAN | E50: 800 | F50: 100 | G50: 200 | H50: =E50+F50+G50 -> 1100 | I50: 30 | J50: 15 | K50: =I50-J50 -> 15 | L50: =E50/I50*K50 -> 400 | M50: 22 | N50: =E50/30/8*1.25*M50 -> 91.666667 | O50: 11 | P50: =E50/30*O50/8*1.25 -> 45.833333 | Q50: 0 | R50: =E50/30*Q50/8*1.5 -> 0 | S50: 0 | T50: =E50/30*S50/8*2.5 -> 0 | U50: =K50 -> 15 | V50: =G50/I50*U50 -> 100 | W50: 100 | X50: 0 | Y50: =F50/I50*K50 -> 50 | Z50: 0 | AB50: =L50+N50+P50+R50+V50+X50+Y50+Z50-AA50+T50 -> 687.5 | AE50: 400 | AF50: =AB50-AE50 -> 287.5
A51: =A50+1 -> 49 | B51: C019 | C51: ABDUL KATHAR | E51: 800 | F51: 100 | G51: 200 | H51: =E51+F51+G51 -> 1100 | I51: 30 | J51: 0 | K51: =I51-J51 -> 30 | L51: =E51/I51*K51 -> 800 | M51: 50 | N51: =E51/30/8*1.25*M51 -> 208.33333 | O51: 25 | P51: =E51/30*O51/8*1.25 -> 104.16667 | Q51: 8 | R51: =E51/30*Q51/8*1.5 -> 40 | S51: 11 | T51: =E51/30*S51/8*2.5 -> 91.666667 | U51: =K51 -> 30 | V51: =G51/I51*U51 -> 200 | W51: 100 | X51: =W51/I51*K51 -> 100 | Y51: =F51/I51*K51 -> 100 | Z51: 0 | AB51: =L51+N51+P51+R51+V51+X51+Y51+Z51-AA51+T51 -> 1644.1667 | AE51: 800 | AF51: =AB51-AE51 -> 844.16667
A52: =A51+1 -> 50 | B52: C032 | C52: NUR ISLAM SEIKH SULT | E52: 800 | F52: 100 | G52: 200 | H52: =E52+F52+G52 -> 1100 | I52: 30 | J52: 3 | K52: =I52-J52 -> 27 | L52: =E52/I52*K52 -> 720 | M52: 40 | N52: =E52/30/8*1.25*M52 -> 166.66667 | O52: 0 | P52: =E52/30*O52/8*1.25 -> 0 | Q52: 0 | R52: =E52/30*Q52/8*1.5 -> 0 | S52: 0 | T52: =E52/30*S52/8*2.5 -> 0 | U52: =K52 -> 27 | V52: 0 | W52: 100 | X52: 0 | Y52: =F52/I52*K52 -> 90 | Z52: 0 | AB52: =L52+N52+P52+R52+V52+X52+Y52+Z52-AA52+T52 -> 976.66667 | AE52: 800 | AF52: =AB52-AE52 -> 176.66667
A53: =A52+1 -> 51 | B53: C042 | C53: MUHAMMAD KAMIL ABDUL | E53: 800 | F53: 100 | G53: 200 | H53: =E53+F53+G53 -> 1100 | I53: 30 | J53: 24 | K53: =I53-J53 -> 6 | L53: =E53/I53*K53 -> 160 | M53: 8 | N53: =E53/30/8*1.25*M53 -> 33.333333 | O53: 3 | P53: =E53/30*O53/8*1.25 -> 12.5 | Q53: 0 | R53: =E53/30*Q53/8*1.5 -> 0 | S53: 0 | T53: =E53/30*S53/8*2.5 -> 0 | U53: =K53 -> 6 | V53: =G53/I53*U53 -> 40 | W53: 100 | X53: 0 | Y53: =F53/I53*K53 -> 20 | Z53: 0 | AB53: =L53+N53+P53+R53+V53+X53+Y53+Z53-AA53+T53 -> 265.83333 | AE53: 133 | AF53: =AB53-AE53 -> 132.83333
A54: =A53+1 -> 52 | B54: C050 | C54: KAWSAR ALI MAJIBUL S | E54: 800 | F54: 100 | G54: 200 | H54: =E54+F54+G54 -> 1100 | I54: 30 | J54: 0 | K54: =I54-J54 -> 30 | L54: =E54/I54*K54 -> 800 | M54: 50 | N54: =E54/30/8*1.25*M54 -> 208.33333 | O54: 24 | P54: =E54/30*O54/8*1.25 -> 100 | Q54: 32 | R54: =E54/30*Q54/8*1.5 -> 160 | S54: 11 | T54: =E54/30*S54/8*2.5 -> 91.666667 | U54: =K54 -> 30 | V54: =G54/I54*U54 -> 200 | W54: 100 | X54: 100 | Y54: =F54/I54*K54 -> 100 | Z54: 50 | AB54: =L54+N54+P54+R54+V54+X54+Y54+Z54-AA54+T54 -> 1810 | AE54: 800 | AF54: =AB54-AE54 -> 1010
A55: =A54+1 -> 53 | B55: C060 | C55: MAHARFUL SEKH JANSAD | E55: 800 | F55: 100 | G55: 200 | H55: =E55+F55+G55 -> 1100 | I55: 30 | J55: 0 | K55: =I55-J55 -> 30 | L55: =E55/I55*K55 -> 800 | M55: 50 | N55: =E55/30/8*1.25*M55 -> 208.33333 | O55: 0 | P55: =E55/30*O55/8*1.25 -> 0 | Q55: 0 | R55: =E55/30*Q55/8*1.5 -> 0 | S55: 0 | T55: =E55/30*S55/8*2.5 -> 0 | U55: =K55 -> 30 | V55: 0 | W55: 100 | X55: 100 | Y55: =F55/I55*K55 -> 100 | Z55: 0 | AB55: =L55+N55+P55+R55+V55+X55+Y55+Z55-AA55+T55 -> 1208.3333 | AE55: 800 | AF55: =AB55-AE55 -> 408.33333
A56: =A55+1 -> 54 | B56: C071 | C56: SEIKH YEASIN RAHAMAN | E56: 800 | F56: 100 | G56: 200 | H56: =E56+F56+G56 -> 1100 | I56: 30 | J56: 0 | K56: =I56-J56 -> 30 | L56: =E56/I56*K56 -> 800 | M56: 50 | N56: =E56/30/8*1.25*M56 -> 208.33333 | O56: 13 | P56: =E56/30*O56/8*1.25 -> 54.166667 | Q56: 6.5 | R56: =E56/30*Q56/8*1.5 -> 32.5 | S56: 11 | T56: =E56/30*S56/8*2.5 -> 91.666667 | U56: =K56 -> 30 | V56: =G56/I56*U56 -> 200 | W56: 100 | X56: =W56/I56*K56 -> 100 | Y56: =F56/I56*K56 -> 100 | Z56: 0 | AB56: =L56+N56+P56+R56+V56+X56+Y56+Z56-AA56+T56 -> 1586.6667 | AE56: 800 | AF56: =AB56-AE56 -> 786.66667
A57: =A56+1 -> 55 | B57: G19 | C57: ABUL kALAM jasim Uddin | E57: 700 | F57: 200 | G57: 200 | H57: =E57+F57+G57 -> 1100 | I57: 30 | J57: 0 | K57: =I57-J57 -> 30 | L57: =E57/I57*K57 -> 700 | M57: 50 | N57: =E57/30/8*1.25*M57 -> 182.29167 | O57: 49 | P57: =E57/30*O57/8*1.25 -> 178.64583 | Q57: 30.5 | R57: =E57/30*Q57/8*1.5 -> 133.4375 | S57: 10.5 | T57: =E57/30*S57/8*2.5 -> 76.5625 | U57: =K57 -> 30 | V57: 65 | W57: 0 | X57: =W57/I57*K57 -> 0 | Y57: =F57/I57*K57 -> 200 | Z57: 50 | AB57: =L57+N57+P57+R57+V57+X57+Y57+Z57-AA57+T57 -> 1585.9375 | AE57: 700 | AF57: =AB57-AE57 -> 885.9375
A58: =A57+1 -> 56 | B58: G20 | C58: MANOJ KUMAR YADAV | E58: 700 | F58: 200 | G58: 200 | H58: =E58+F58+G58 -> 1100 | I58: 30 | J58: 0 | K58: =I58-J58 -> 30 | L58: =E58/I58*K58 -> 700 | M58: 50 | N58: =E58/30/8*1.25*M58 -> 182.29167 | O58: 39 | P58: =E58/30*O58/8*1.25 -> 142.1875 | Q58: 25 | R58: =E58/30*Q58/8*1.5 -> 109.375 | S58: 0 | T58: =E58/30*S58/8*2.5 -> 0 | U58: =K58 -> 30 | V58: =G58/I58*U58 -> 200 | W58: 0 | X58: =W58/I58*K58 -> 0 | Y58: =F58/I58*K58 -> 200 | Z58: 50 | AB58: =L58+N58+P58+R58+V58+X58+Y58+Z58-AA58+T58 -> 1583.8542 | AE58: 900 | AF58: =AB58-AE58 -> 683.85417
A59: =A58+1 -> 57 | B59: G24 | C59: DHANIK LAL MAHARA | D59: 900 | E59: 700 | F59: 200 | G59: 200 | H59: =E59+F59+G59 -> 1100 | I59: 30 | J59: 23 | K59: =I59-J59 -> 7 | L59: =E59/I59*K59 -> 163.33333 | M59: 12 | N59: =E59/30/8*1.25*M59 -> 43.75 | O59: 14 | P59: =E59/30*O59/8*1.25 -> 51.041667 | Q59: 8 | R59: =E59/30*Q59/8*1.5 -> 35 | S59: 0 | T59: =E59/30*S59/8*2.5 -> 0 | U59: =K59 -> 7 | V59: =G59/I59*U59 -> 46.666667 | W59: 0 | X59: =W59/I59*K59 -> 0 | Y59: =F59/I59*K59 -> 46.666667 | Z59: 0 | AB59: =L59+N59+P59+R59+V59+X59+Y59+Z59-AA59+T59 -> 386.45833 | AE59: 210 | AF59: =AB59-AE59 -> 176.45833
A60: =A59+1 -> 58 | B60: G32 | C60: RAM KUMAR YADAV | E60: 700 | F60: 200 | G60: 200 | H60: =E60+F60+G60 -> 1100 | I60: 30 | J60: 0 | K60: =I60-J60 -> 30 | L60: =E60/I60*K60 -> 700 | M60: 50 | N60: =E60/30/8*1.25*M60 -> 182.29167 | O60: 51 | P60: =E60/30*O60/8*1.25 -> 185.9375 | Q60: 15 | R60: =E60/30*Q60/8*1.5 -> 65.625 | S60: 6 | T60: =E60/30*S60/8*2.5 -> 43.75 | U60: =K60 -> 30 | V60: =G60/I60*U60 -> 200 | W60: 0 | X60: =W60/I60*K60 -> 0 | Y60: =F60/I60*K60 -> 200 | Z60: 25 | AB60: =L60+N60+P60+R60+V60+X60+Y60+Z60-AA60+T60 -> 1602.6042 | AE60: 900 | AF60: =AB60-AE60 -> 702.60417
A61: =A60+1 -> 59 | B61: G36 | C61: SUNIL KUMAR | D61: 900 | E61: 700 | F61: 200 | G61: 200 | H61: =E61+F61+G61 -> 1100 | I61: 30 | J61: 1 | K61: =I61-J61 -> 29 | L61: =E61/I61*K61 -> 676.66667 | M61: 44 | N61: =E61/30/8*1.25*M61 -> 160.41667 | O61: 0 | P61: =E61/30*O61/8*1.25 -> 0 | Q61: 0 | R61: =E61/30*Q61/8*1.5 -> 0 | S61: 0 | T61: =E61/30*S61/8*2.5 -> 0 | U61: =K61 -> 29 | V61: 0 | W61: 0 | X61: =W61/I61*K61 -> 0 | Y61: =F61/I61*K61 -> 193.33333 | Z61: 0 | AB61: =L61+N61+P61+R61+V61+X61+Y61+Z61-AA61+T61 -> 1030.4167 | AE61: 765 | AF61: =AB61-AE61 -> 265.41667
A62: =A61+1 -> 60 | B62: G40 | C62: SANJAY MAHATO DHAGAD | D62: 900 | E62: 700 | F62: 200 | G62: 200 | H62: =E62+F62+G62 -> 1100 | I62: 30 | J62: 0 | K62: =I62-J62 -> 30 | L62: =E62/I62*K62 -> 700 | M62: 50 | N62: =E62/30/8*1.25*M62 -> 182.29167 | O62: 0 | P62: =E62/30*O62/8*1.25 -> 0 | Q62: 0 | R62: =E62/30*Q62/8*1.5 -> 0 | S62: 0 | T62: =E62/30*S62/8*2.5 -> 0 | U62: =K62 -> 30 | V62: =G62/I62*U62 -> 200 | W62: 0 | X62: =W62/I62*K62 -> 0 | Y62: =F62/I62*K62 -> 200 | Z62: 0 | AB62: =L62+N62+P62+R62+V62+X62+Y62+Z62-AA62+T62 -> 1282.2917 | AE62: 900 | AF62: =AB62-AE62 -> 382.29167
A63: =A62+1 -> 61 | B63: G42 | C63: Nar Bahadur Limbu | D63: 900 | E63: 700 | F63: 200 | G63: 200 | H63: =E63+F63+G63 -> 1100 | I63: 30 | J63: 2 | K63: =I63-J63 -> 28 | L63: =E63/I63*K63 -> 653.33333 | M63: 44 | N63: =E63/30/8*1.25*M63 -> 160.41667 | O63: 35.5 | P63: =E63/30*O63/8*1.25 -> 129.42708 | Q63: 17.5 | R63: =E63/30*Q63/8*1.5 -> 76.5625 | S63: 9.5 | T63: =E63/30*S63/8*2.5 -> 69.270833 | U63: =K63 -> 28 | V63: =G63/I63*U63 -> 186.66667 | W63: 0 | X63: =W63/I63*K63 -> 0 | Y63: =F63/I63*K63 -> 186.66667 | Z63: 25 | AB63: =L63+N63+P63+R63+V63+X63+Y63+Z63-AA63+T63 -> 1487.3438 | AE63: 870 | AF63: =AB63-AE63 -> 617.34375
A64: =A63+1 -> 62 | B64: G54 | C64: KUISANG SHERPA PEMBA | D64: 900 | E64: 700 | F64: 200 | G64: 200 | H64: =E64+F64+G64 -> 1100 | I64: 30 | J64: 0 | K64: =I64-J64 -> 30 | L64: =E64/I64*K64 -> 700 | M64: 50 | N64: =E64/30/8*1.25*M64 -> 182.29167 | O64: 0 | P64: =E64/30*O64/8*1.25 -> 0 | Q64: 20 | R64: =E64/30*Q64/8*1.5 -> 87.5 | S64: 0 | T64: =E64/30*S64/8*2.5 -> 0 | U64: =K64 -> 30 | V64: 0 | W64: 0 | X64: =W64/I64*K64 -> 0 | Y64: =F64/I64*K64 -> 200 | Z64: 25 | AB64: =L64+N64+P64+R64+V64+X64+Y64+Z64-AA64+T64 -> 1194.7917 | AE64: 765 | AF64: =AB64-AE64 -> 429.79167
A65: =A64+1 -> 63 | B65: G59 | C65: Bipat pasman jogi pasman | D65: 900 | E65: 700 | F65: 200 | G65: 200 | H65: =E65+F65+G65 -> 1100 | I65: 30 | J65: 0 | K65: =I65-J65 -> 30 | L65: =E65/I65*K65 -> 700 | M65: 50 | N65: =E65/30/8*1.25*M65 -> 182.29167 | O65: 30 | P65: =E65/30*O65/8*1.25 -> 109.375 | Q65: 6 | R65: =E65/30*Q65/8*1.5 -> 26.25 | S65: 11 | T65: =E65/30*S65/8*2.5 -> 80.208333 | U65: =K65 -> 30 | V65: =G65/I65*U65 -> 200 | W65: 0 | X65: =W65/I65*K65 -> 0 | Y65: =F65/I65*K65 -> 200 | Z65: 0 | AB65: =L65+N65+P65+R65+V65+X65+Y65+Z65-AA65+T65 -> 1498.125 | AE65: 900 | AF65: =AB65-AE65 -> 598.125
A66: =A65+1 -> 64 | B66: G60 | C66: Mahindra yadav | D66: 900 | E66: 700 | F66: 200 | G66: 200 | H66: =E66+F66+G66 -> 1100 | I66: 30 | J66: 1 | K66: =I66-J66 -> 29 | L66: =E66/I66*K66 -> 676.66667 | M66: 40 | N66: =E66/30/8*1.25*M66 -> 145.83333 | O66: 40.5 | P66: =E66/30*O66/8*1.25 -> 147.65625 | Q66: 0 | R66: =E66/30*Q66/8*1.5 -> 0 | S66: 0 | T66: =E66/30*S66/8*2.5 -> 0 | U66: =K66 -> 29 | V66: =G66/I66*U66/30*23 -> 148.22222 | W66: 0 | X66: =W66/I66*K66 -> 0 | Y66: =F66/I66*K66 -> 193.33333 | Z66: 0 | AB66: =L66+N66+P66+R66+V66+X66+Y66+Z66-AA66+T66 -> 1311.7118 | AE66: 900 | AF66: =AB66-AE66 -> 411.71181
A67: =A66+1 -> 65 | B67: G67 | C67: RAJU SUNAR | D67: 900 | E67: 700 | F67: 200 | G67: 200 | H67: =E67+F67+G67 -> 1100 | I67: 30 | J67: 0 | K67: =I67-J67 -> 30 | L67: =E67/I67*K67 -> 700 | M67: 50 | N67: =E67/30/8*1.25*M67 -> 182.29167 | O67: 43 | P67: =E67/30*O67/8*1.25 -> 156.77083 | Q67: 15.5 | R67: =E67/30*Q67/8*1.5 -> 67.8125 | S67: 6 | T67: =E67/30*S67/8*2.5 -> 43.75 | U67: =K67 -> 30 | V67: =G67/I67*U67 -> 200 | W67: 0 | X67: =W67/I67*K67 -> 0 | Y67: =F67/I67*K67 -> 200 | Z67: 25 | AB67: =L67+N67+P67+R67+V67+X67+Y67+Z67-AA67+T67 -> 1575.625 | AE67: 870 | AF67: =AB67-AE67 -> 705.625
A68: =A67+1 -> 66 | B68: G72 | C68: SAMBHU CHAMAR | D68: 900 | E68: 700 | F68: 200 | G68: 200 | H68: =E68+F68+G68 -> 1100 | I68: 30 | J68: 0 | K68: =I68-J68 -> 30 | L68: =E68/I68*K68 -> 700 | M68: 50 | N68: =E68/30/8*1.25*M68 -> 182.29167 | O68: 0 | P68: =E68/30*O68/8*1.25 -> 0 | Q68: 0 | R68: =E68/30*Q68/8*1.5 -> 0 | S68: 0 | T68: =E68/30*S68/8*2.5 -> 0 | U68: =K68 -> 30 | V68: =G68/I68*U68 -> 200 | W68: 0 | X68: =W68/I68*K68 -> 0 | Y68: =F68/I68*K68 -> 200 | Z68: 0 | AB68: =L68+N68+P68+R68+V68+X68+Y68+Z68-AA68+T68 -> 1282.2917 | AE68: 900 | AF68: =AB68-AE68 -> 382.29167
A69: =A68+1 -> 67 | B69: G77 | C69: LAXHMESHVAR KHATWE DEV NARAYA | D69: 900 | E69: 700 | F69: 200 | G69: 200 | H69: =E69+F69+G69 -> 1100 | I69: 30 | J69: 3 | K69: =I69-J69 -> 27 | L69: =E69/I69*K69 -> 630 | M69: 44 | N69: =E69/30/8*1.25*M69 -> 160.41667 | O69: 0 | P69: =E69/30*O69/8*1.25 -> 0 | Q69: 0 | R69: =E69/30*Q69/8*1.5 -> 0 | S69: 0 | T69: =E69/30*S69/8*2.5 -> 0 | U69: =K69 -> 27 | V69: 0 | W69: 0 | X69: =W69/I69*K69 -> 0 | Y69: =F69/I69*K69 -> 180 | Z69: 0 | AB69: =L69+N69+P69+R69+V69+X69+Y69+Z69-AA69+T69 -> 970.41667 | AE69: 765 | AF69: =AB69-AE69 -> 205.41667
A70: =A69+1 -> 68 | B70: G82 | C70: Sonelal Mukhiya Bin Niramla Devi | D70: 900 | E70: 700 | F70: 200 | G70: 200 | H70: =E70+F70+G70 -> 1100 | I70: 30 | J70: 0 | K70: =I70-J70 -> 30 | L70: =E70/I70*K70 -> 700 | M70: 50 | N70: =E70/30/8*1.25*M70 -> 182.29167 | O70: 25 | P70: =E70/30*O70/8*1.25 -> 91.145833 | Q70: 32 | R70: =E70/30*Q70/8*1.5 -> 140 | S70: 0 | T70: =E70/30*S70/8*2.5 -> 0 | U70: =K70 -> 30 | V70: =G70/I70*U70 -> 200 | W70: 0 | X70: =W70/I70*K70 -> 0 | Y70: =F70/I70*K70 -> 200 | Z70: 50 | AB70: =L70+N70+P70+R70+V70+X70+Y70+Z70-AA70+T70 -> 1563.4375 | AE70: 900 | AF70: =AB70-AE70 -> 663.4375
A71: =A70+1 -> 69 | B71: G95 | C71: Dipendra Yadav Rajendra Yadav | D71: 900 | E71: 700 | F71: 200 | G71: 200 | H71: =E71+F71+G71 -> 1100 | I71: 30 | J71: 0 | K71: =I71-J71 -> 30 | L71: =E71/I71*K71 -> 700 | M71: 50 | N71: =E71/30/8*1.25*M71 -> 182.29167 | O71: 0 | P71: =E71/30*O71/8*1.25 -> 0 | Q71: 20 | R71: =E71/30*Q71/8*1.5 -> 87.5 | S71: 0 | T71: =E71/30*S71/8*2.5 -> 0 | U71: =K71 -> 30 | V71: 0 | W71: 0 | X71: =W71/I71*K71 -> 0 | Y71: =F71/I71*K71 -> 200 | Z71: 25 | AB71: =L71+N71+P71+R71+V71+X71+Y71+Z71-AA71+T71 -> 1194.7917 | AE71: 765 | AF71: =AB71-AE71 -> 429.79167
A72: =A71+1 -> 70 | B72: G108 | C72: Sundar ram | D72: 900 | E72: 700 | F72: 200 | G72: 200 | H72: =E72+F72+G72 -> 1100 | I72: 30 | J72: 0 | K72: =I72-J72 -> 30 | L72: =E72/I72*K72 -> 700 | M72: 50 | N72: =E72/30/8*1.25*M72 -> 182.29167 | O72: 0 | P72: =E72/30*O72/8*1.25 -> 0 | Q72: 0 | R72: =E72/30*Q72/8*1.5 -> 0 | S72: 0 | T72: =E72/30*S72/8*2.5 -> 0 | U72: =K72 -> 30 | V72: =G72/I72*U72 -> 200 | W72: 0 | X72: =W72/I72*K72 -> 0 | Y72: =F72/I72*K72 -> 200 | Z72: 0 | AB72: =L72+N72+P72+R72+V72+X72+Y72+Z72-AA72+T72 -> 1282.2917 | AE72: 900 | AF72: =AB72-AE72 -> 382.29167
A73: =A72+1 -> 71 | B73: G111 | C73: suresh das kathabaniya | D73: 900 | E73: 700 | F73: 200 | G73: 200 | H73: =E73+F73+G73 -> 1100 | I73: 30 | J73: 0 | K73: =I73-J73 -> 30 | L73: =E73/I73*K73 -> 700 | M73: 50 | N73: =E73/30/8*1.25*M73 -> 182.29167 | O73: 0 | P73: =E73/30*O73/8*1.25 -> 0 | Q73: 0 | R73: =E73/30*Q73/8*1.5 -> 0 | S73: 0 | T73: =E73/30*S73/8*2.5 -> 0 | U73: =K73 -> 30 | V73: 0 | W73: 0 | X73: =W73/I73*K73 -> 0 | Y73: =F73/I73*K73 -> 200 | Z73: 0 | AB73: =L73+N73+P73+R73+V73+X73+Y73+Z73-AA73+T73 -> 1082.2917 | AE73: 765 | AF73: =AB73-AE73 -> 317.29167
A74: =A73+1 -> 72 | B74: G118 | C74: Shree Ram Mandal | D74: 900 | E74: 700 | F74: 200 | G74: 200 | H74: =E74+F74+G74 -> 1100 | I74: 30 | J74: 0 | K74: =I74-J74 -> 30 | L74: =E74/I74*K74 -> 700 | M74: 48 | N74: =E74/30/8*1.25*M74 -> 175 | O74: 24 | P74: =E74/30*O74/8*1.25 -> 87.5 | Q74: 24 | R74: =E74/30*Q74/8*1.5 -> 105 | S74: 11 | T74: =E74/30*S74/8*2.5 -> 80.208333 | U74: =K74 -> 30 | V74: =G74/I74*U74 -> 200 | W74: 0 | X74: =W74/I74*K74 -> 0 | Y74: =F74/I74*K74 -> 200 | Z74: 50 | AB74: =L74+N74+P74+R74+V74+X74+Y74+Z74-AA74+T74 -> 1597.7083 | AE74: 900 | AF74: =AB74-AE74 -> 697.70833
A75: =A74+1 -> 73 | B75: G122 | C75: Nanu Sada | D75: 900 | E75: 700 | F75: 200 | G75: 200 | H75: =E75+F75+G75 -> 1100 | I75: 30 | J75: 0 | K75: =I75-J75 -> 30 | L75: =E75/I75*K75 -> 700 | M75: 48 | N75: =E75/30/8*1.25*M75 -> 175 | O75: 59.5 | P75: =E75/30*O75/8*1.25 -> 216.92708 | Q75: 0 | R75: =E75/30*Q75/8*1.5 -> 0 | S75: 0 | T75: =E75/30*S75/8*2.5 -> 0 | U75: =K75 -> 30 | V75: =G75/I75*U75 -> 200 | W75: 0 | X75: =W75/I75*K75 -> 0 | Y75: =F75/I75*K75 -> 200 | Z75: 0 | AB75: =L75+N75+P75+R75+V75+X75+Y75+Z75-AA75+T75 -> 1491.9271 | AE75: 900 | AF75: =AB75-AE75 -> 591.92708
A76: =A75+1 -> 74 | B76: G123 | C76: Pramod kumar Mandal | D76: 900 | E76: 700 | F76: 200 | G76: 200 | H76: =E76+F76+G76 -> 1100 | I76: 30 | J76: 0 | K76: =I76-J76 -> 30 | L76: =E76/I76*K76 -> 700 | M76: 50 | N76: =E76/30/8*1.25*M76 -> 182.29167 | O76: 27.5 | P76: =E76/30*O76/8*1.25 -> 100.26042 | Q76: 44.5 | R76: =E76/30*Q76/8*1.5 -> 194.6875 | S76: 11 | T76: =E76/30*S76/8*2.5 -> 80.208333 | U76: =K76 -> 30 | V76: =G76/I76*U76 -> 200 | W76: 0 | X76: =W76/I76*K76 -> 0 | Y76: =F76/I76*K76 -> 200 | Z76: 50 | AB76: =L76+N76+P76+R76+V76+X76+Y76+Z76-AA76+T76 -> 1707.4479 | AE76: 900 | AF76: =AB76-AE76 -> 807.44792
A77: =A76+1 -> 75 | B77: G125 | C77: Ram jiban yadav | D77: 900 | E77: 700 | F77: 200 | G77: 200 | H77: =E77+F77+G77 -> 1100 | I77: 30 | J77: 2 | K77: =I77-J77 -> 28 | L77: =E77/I77*K77 -> 653.33333 | M77: 46 | N77: =E77/30/8*1.25*M77 -> 167.70833 | O77: 0 | P77: =E77/30*O77/8*1.25 -> 0 | Q77: 0 | R77: =E77/30*Q77/8*1.5 -> 0 | S77: 0 | T77: =E77/30*S77/8*2.5 -> 0 | U77: =K77 -> 28 | V77: 0 | W77: 0 | X77: =W77/I77*K77 -> 0 | Y77: =F77/I77*K77 -> 186.66667 | Z77: 0 | AB77: =L77+N77+P77+R77+V77+X77+Y77+Z77-AA77+T77 -> 1007.7083 | AE77: 765 | AF77: =AB77-AE77 -> 242.70833
A78: =A77+1 -> 76 | B78: G132 | C78: SHIV CHANDRA YADAV DARPI YADAV | D78: 900 | E78: 700 | F78: 200 | G78: 200 | H78: =E78+F78+G78 -> 1100 | I78: 30 | J78: 0 | K78: =I78-J78 -> 30 | L78: =E78/I78*K78 -> 700 | M78: 50 | N78: =E78/30/8*1.25*M78 -> 182.29167 | O78: 110 | P78: =E78/30*O78/8*1.25 -> 401.04167 | Q78: 6 | R78: =E78/30*Q78/8*1.5 -> 26.25 | S78: 0 | T78: =E78/30*S78/8*2.5 -> 0 | U78: =K78 -> 30 | V78: 65 | W78: 0 | X78: =W78/I78*K78 -> 0 | Y78: =F78/I78*K78 -> 200 | Z78: 0 | AB78: =L78+N78+P78+R78+V78+X78+Y78+Z78-AA78+T78 -> 1574.5833 | AE78: 870 | AF78: =AB78-AE78 -> 704.58333
A79: =A78+1 -> 77 | B79: G148 | C79: Sundar kumar Saday Anesiya | D79: 900 | E79: 700 | F79: 200 | G79: 200 | H79: =E79+F79+G79 -> 1100 | I79: 30 | J79: 2 | K79: =I79-J79 -> 28 | L79: =E79/I79*K79 -> 653.33333 | M79: 44 | N79: =E79/30/8*1.25*M79 -> 160.41667 | O79: 28 | P79: =E79/30*O79/8*1.25 -> 102.08333 | Q79: 0 | R79: =E79/30*Q79/8*1.5 -> 0 | S79: 0 | T79: =E79/30*S79/8*2.5 -> 0 | U79: =K79 -> 28 | V79: =G79/I79*U79 -> 186.66667 | W79: 0 | X79: =W79/I79*K79 -> 0 | Y79: =F79/I79*K79 -> 186.66667 | Z79: 0 | AB79: =L79+N79+P79+R79+V79+X79+Y79+Z79-AA79+T79 -> 1289.1667 | AE79: 840 | AF79: =AB79-AE79 -> 449.16667
A80: =A79+1 -> 78 | B80: G152 | C80: DHANBIR MANDAL BILTU MANDAL | D80: 900 | E80: 700 | F80: 200 | G80: 200 | H80: =E80+F80+G80 -> 1100 | I80: 30 | J80: 0 | K80: =I80-J80 -> 30 | L80: =E80/I80*K80 -> 700 | M80: 48 | N80: =E80/30/8*1.25*M80 -> 175 | O80: 32 | P80: =E80/30*O80/8*1.25 -> 116.66667 | Q80: 9 | R80: =E80/30*Q80/8*1.5 -> 39.375 | S80: 0 | T80: =E80/30*S80/8*2.5 -> 0 | U80: =K80 -> 30 | V80: =G80/I80*U80 -> 200 | W80: 0 | X80: =W80/I80*K80 -> 0 | Y80: =F80/I80*K80 -> 200 | Z80: 0 | AB80: =L80+N80+P80+R80+V80+X80+Y80+Z80-AA80+T80 -> 1431.0417 | AE80: 900 | AF80: =AB80-AE80 -> 531.04167
A81: =A80+1 -> 79 | B81: G155 | C81: Sunil Kumar Yadav Rama Tarait | D81: 900 | E81: 700 | F81: 200 | G81: 200 | H81: =E81+F81+G81 -> 1100 | I81: 30 | J81: 0 | K81: =I81-J81 -> 30 | L81: =E81/I81*K81 -> 700 | M81: 48 | N81: =E81/30/8*1.25*M81 -> 175 | O81: 58.5 | P81: =E81/30*O81/8*1.25 -> 213.28125 | Q81: 24 | R81: =E81/30*Q81/8*1.5 -> 105 | S81: 0 | T81: =E81/30*S81/8*2.5 -> 0 | U81: =K81 -> 30 | V81: =G81/I81*U81 -> 200 | W81: 0 | X81: =W81/I81*K81 -> 0 | Y81: =F81/I81*K81 -> 200 | Z81: 50 | AB81: =L81+N81+P81+R81+V81+X81+Y81+Z81-AA81+T81 -> 1643.2812 | AE81: 900 | AF81: =AB81-AE81 -> 743.28125
A82: =A81+1 -> 80 | B82: G161 | C82: Kumar Bishwakarma Sahaman | D82: 900 | E82: 700 | F82: 200 | G82: 200 | H82: =E82+F82+G82 -> 1100 | I82: 30 | J82: 0 | K82: =I82-J82 -> 30 | L82: =E82/I82*K82 -> 700 | M82: 50 | N82: =E82/30/8*1.25*M82 -> 182.29167 | O82: 25 | P82: =E82/30*O82/8*1.25 -> 91.145833 | Q82: 20 | R82: =E82/30*Q82/8*1.5 -> 87.5 | S82: 11 | T82: =E82/30*S82/8*2.5 -> 80.208333 | U82: =K82 -> 30 | V82: =G82/I82*U82 -> 200 | W82: 0 | X82: =W82/I82*K82 -> 0 | Y82: =F82/I82*K82 -> 200 | Z82: 50 | AB82: =L82+N82+P82+R82+V82+X82+Y82+Z82-AA82+T82 -> 1591.1458 | AE82: 900 | AF82: =AB82-AE82 -> 691.14583
A83: =A82+1 -> 81 | B83: G167 | C83: RAJ KUMAR SADA LAXMAN SADA | D83: 900 | E83: 700 | F83: 200 | G83: 200 | H83: =E83+F83+G83 -> 1100 | I83: 30 | J83: 0 | K83: =I83-J83 -> 30 | L83: =E83/I83*K83 -> 700 | M83: 50 | N83: =E83/30/8*1.25*M83 -> 182.29167 | O83: 0 | P83: =E83/30*O83/8*1.25 -> 0 | Q83: 0 | R83: =E83/30*Q83/8*1.5 -> 0 | S83: 0 | T83: =E83/30*S83/8*2.5 -> 0 | U83: =K83 -> 30 | V83: 0 | W83: 0 | X83: =W83/I83*K83 -> 0 | Y83: =F83/I83*K83 -> 200 | Z83: 0 | AB83: =L83+N83+P83+R83+V83+X83+Y83+Z83-AA83+T83 -> 1082.2917 | AE83: 765 | AF83: =AB83-AE83 -> 317.29167
A84: =A83+1 -> 82 | B84: G168 | C84: Mukesh Sada Ram ekbal sada | D84: 900 | E84: 700 | F84: 200 | G84: 200 | H84: =E84+F84+G84 -> 1100 | I84: 30 | J84: 1 | K84: =I84-J84 -> 29 | L84: =E84/I84*K84 -> 676.66667 | M84: 48 | N84: =E84/30/8*1.25*M84 -> 175 | O84: 0 | P84: =E84/30*O84/8*1.25 -> 0 | Q84: 0 | R84: =E84/30*Q84/8*1.5 -> 0 | S84: 0 | T84: =E84/30*S84/8*2.5 -> 0 | U84: =K84 -> 29 | V84: 0 | W84: 0 | X84: =W84/I84*K84 -> 0 | Y84: =F84/I84*K84 -> 193.33333 | Z84: 0 | AB84: =L84+N84+P84+R84+V84+X84+Y84+Z84-AA84+T84 -> 1045 | AE84: 765 | AF84: =AB84-AE84 -> 280
A85: =A84+1 -> 83 | B85: G169 | C85: Lalku Sada Laddu Sada | D85: 900 | E85: 700 | F85: 200 | G85: 200 | H85: =E85+F85+G85 -> 1100 | I85: 30 | J85: 1 | K85: =I85-J85 -> 29 | L85: =E85/I85*K85 -> 676.66667 | M85: 46 | N85: =E85/30/8*1.25*M85 -> 167.70833 | O85: 28 | P85: =E85/30*O85/8*1.25 -> 102.08333 | Q85: 16.5 | R85: =E85/30*Q85/8*1.5 -> 72.1875 | S85: 0 | T85: =E85/30*S85/8*2.5 -> 0 | U85: =K85 -> 29 | V85: =G85/I85*U85 -> 193.33333 | W85: 0 | X85: =W85/I85*K85 -> 0 | Y85: =F85/I85*K85 -> 193.33333 | Z85: 25 | AB85: =L85+N85+P85+R85+V85+X85+Y85+Z85-AA85+T85 -> 1430.3125 | AE85: 840 | AF85: =AB85-AE85 -> 590.3125
A86: =A85+1 -> 84 | B86: G172 | C86: Basu Sada Gunten Sada Mushar | D86: 900 | E86: 700 | F86: 200 | G86: 200 | H86: =E86+F86+G86 -> 1100 | I86: 30 | J86: 0 | K86: =I86-J86 -> 30 | L86: =E86/I86*K86 -> 700 | M86: 50 | N86: =E86/30/8*1.25*M86 -> 182.29167 | O86: 0 | P86: =E86/30*O86/8*1.25 -> 0 | Q86: 0 | R86: =E86/30*Q86/8*1.5 -> 0 | S86: 0 | T86: =E86/30*S86/8*2.5 -> 0 | U86: =K86 -> 30 | V86: =G86/I86*U86 -> 200 | W86: 0 | X86: =W86/I86*K86 -> 0 | Y86: =F86/I86*K86 -> 200 | Z86: 0 | AB86: =L86+N86+P86+R86+V86+X86+Y86+Z86-AA86+T86 -> 1282.2917 | AE86: 900 | AF86: =AB86-AE86 -> 382.29167
A87: =A86+1 -> 85 | B87: G173 | C87: JOGENDRA YADAV RAMPRIT YADAV | D87: 900 | E87: 700 | F87: 200 | G87: 200 | H87: =E87+F87+G87 -> 1100 | I87: 30 | J87: 0 | K87: =I87-J87 -> 30 | L87: =E87/I87*K87 -> 700 | M87: 50 | N87: =E87/30/8*1.25*M87 -> 182.29167 | O87: 25 | P87: =E87/30*O87/8*1.25 -> 91.145833 | Q87: 32 | R87: =E87/30*Q87/8*1.5 -> 140 | S87: 0 | T87: =E87/30*S87/8*2.5 -> 0 | U87: =K87 -> 30 | V87: =G87/I87*U87 -> 200 | W87: 0 | X87: =W87/I87*K87 -> 0 | Y87: =F87/I87*K87 -> 200 | Z87: 50 | AB87: =L87+N87+P87+R87+V87+X87+Y87+Z87-AA87+T87 -> 1563.4375 | AE87: 900 | AF87: =AB87-AE87 -> 663.4375
A88: =A87+1 -> 86 | B88: G177 | C88: AMINDRA MAJHI MUSHAR | D88: 900 | E88: 700 | F88: 200 | G88: 200 | H88: =E88+F88+G88 -> 1100 | I88: 30 | J88: 0 | K88: =I88-J88 -> 30 | L88: =E88/I88*K88 -> 700 | M88: 50 | N88: =E88/30/8*1.25*M88 -> 182.29167 | O88: 62.5 | P88: =E88/30*O88/8*1.25 -> 227.86458 | Q88: 30.5 | R88: =E88/30*Q88/8*1.5 -> 133.4375 | S88: 6 | T88: =E88/30*S88/8*2.5 -> 43.75 | U88: =K88 -> 30 | V88: =G88/I88*U88 -> 200 | W88: 0 | X88: =W88/I88*K88 -> 0 | Y88: =F88/I88*K88 -> 200 | Z88: 50 | AB88: =L88+N88+P88+R88+V88+X88+Y88+Z88-AA88+T88 -> 1737.3438 | AE88: 900 | AF88: =AB88-AE88 -> 837.34375
A89: =A88+1 -> 87 | B89: G190 | C89: MD Raihan MD Manjo Miah | E89: 700 | F89: 100 | G89: 200 | H89: =E89+F89+G89 -> 1000 | I89: 30 | J89: 0 | K89: =I89-J89 -> 30 | L89: =E89/I89*K89 -> 700 | M89: 48 | N89: =E89/30/8*1.25*M89 -> 175 | O89: 27 | P89: =E89/30*O89/8*1.25 -> 98.4375 | Q89: 9 | R89: =E89/30*Q89/8*1.5 -> 39.375 | S89: 0 | T89: =E89/30*S89/8*2.5 -> 0 | U89: =K89 -> 30 | V89: =G89/I89*U89 -> 200 | W89: 0 | X89: =W89/I89*K89 -> 0 | Y89: =F89/I89*K89 -> 100 | Z89: 0 | AB89: =L89+N89+P89+R89+V89+X89+Y89+Z89-AA89+T89 -> 1312.8125 | AE89: 677 | AF89: =AB89-AE89 -> 635.8125
A90: =A89+1 -> 88 | B90: G192 | C90: Abul Basher Abdul Munaf | E90: 700 | F90: 100 | G90: 200 | H90: =E90+F90+G90 -> 1000 | I90: 30 | J90: 0 | K90: =I90-J90 -> 30 | L90: =E90/I90*K90 -> 700 | M90: 46 | N90: =E90/30/8*1.25*M90 -> 167.70833 | O90: 29 | P90: =E90/30*O90/8*1.25 -> 105.72917 | Q90: 18 | R90: =E90/30*Q90/8*1.5 -> 78.75 | S90: 0 | T90: =E90/30*S90/8*2.5 -> 0 | U90: =K90 -> 30 | V90: =G90/I90*U90 -> 200 | W90: 0 | X90: =W90/I90*K90 -> 0 | Y90: =F90/I90*K90 -> 100 | Z90: 0 | AB90: =L90+N90+P90+R90+V90+X90+Y90+Z90-AA90+T90 -> 1352.1875 | AE90: 700 | AF90: =AB90-AE90 -> 652.1875
A91: =A90+1 -> 89 | B91: G199 | C91: MD Sorif Mia MD Kalam Mia | E91: 700 | F91: 100 | G91: 200 | H91: =E91+F91+G91 -> 1000 | I91: 30 | J91: 0 | K91: =I91-J91 -> 30 | L91: =E91/I91*K91 -> 700 | M91: 48 | N91: =E91/30/8*1.25*M91 -> 175 | O91: 26 | P91: =E91/30*O91/8*1.25 -> 94.791667 | Q91: 24 | R91: =E91/30*Q91/8*1.5 -> 105 | S91: 11 | T91: =E91/30*S91/8*2.5 -> 80.208333 | U91: =K91 -> 30 | V91: =G91/I91*U91 -> 200 | W91: 0 | X91: =W91/I91*K91 -> 0 | Y91: =F91/I91*K91 -> 100 | Z91: 50 | AB91: =L91+N91+P91+R91+V91+X91+Y91+Z91-AA91+T91 -> 1505 | AE91: 700 | AF91: =AB91-AE91 -> 805
A92: =A91+1 -> 90 | B92: G200 | C92: Mohammad Farvez Manjur Alam | E92: 700 | F92: 100 | G92: 200 | H92: =E92+F92+G92 -> 1000 | I92: 30 | J92: 0 | K92: =I92-J92 -> 30 | L92: =E92/I92*K92 -> 700 | M92: 48 | N92: =E92/30/8*1.25*M92 -> 175 | O92: 32 | P92: =E92/30*O92/8*1.25 -> 116.66667 | Q92: =25+8 -> 33 | R92: =E92/30*Q92/8*1.5 -> 144.375 | S92: 11 | T92: =E92/30*S92/8*2.5 -> 80.208333 | U92: =K92 -> 30 | V92: =G92/I92*U92 -> 200 | W92: 0 | X92: =W92/I92*K92 -> 0 | Y92: =F92/I92*K92 -> 100 | Z92: 50 | AB92: =L92+N92+P92+R92+V92+X92+Y92+Z92-AA92+T92 -> 1566.25 | AE92: 700 | AF92: =AB92-AE92 -> 866.25
A93: =A92+1 -> 91 | B93: G202 | C93: MD Kamal Mia MD Abdus Salam | E93: 700 | F93: 100 | G93: 200 | H93: =E93+F93+G93 -> 1000 | I93: 30 | J93: 0 | K93: =I93-J93 -> 30 | L93: =E93/I93*K93 -> 700 | M93: 50 | N93: =E93/30/8*1.25*M93 -> 182.29167 | O93: 70.5 | P93: =E93/30*O93/8*1.25 -> 257.03125 | Q93: 31 | R93: =E93/30*Q93/8*1.5 -> 135.625 | S93: 9.5 | T93: =E93/30*S93/8*2.5 -> 69.270833 | U93: =K93 -> 30 | V93: =G93/I93*U93 -> 200 | W93: 0 | X93: =W93/I93*K93 -> 0 | Y93: =F93/I93*K93 -> 100 | Z93: 50 | AB93: =L93+N93+P93+R93+V93+X93+Y93+Z93-AA93+T93 -> 1694.2187 | AE93: 700 | AF93: =AB93-AE93 -> 994.21875
A94: =A93+1 -> 92 | B94: G206 | C94: Hasan Mahmud MD Abdul Hameed | E94: 700 | F94: 100 | G94: 200 | H94: =E94+F94+G94 -> 1000 | I94: 30 | J94: 0 | K94: =I94-J94 -> 30 | L94: =E94/I94*K94 -> 700 | M94: 50 | N94: =E94/30/8*1.25*M94 -> 182.29167 | O94: 25 | P94: =E94/30*O94/8*1.25 -> 91.145833 | Q94: 16 | R94: =E94/30*Q94/8*1.5 -> 70 | S94: 11 | T94: =E94/30*S94/8*2.5 -> 80.208333 | U94: =K94 -> 30 | V94: =G94/I94*U94 -> 200 | W94: 0 | X94: =W94/I94*K94 -> 0 | Y94: =F94/I94*K94 -> 100 | Z94: 25 | AB94: =L94+N94+P94+R94+V94+X94+Y94+Z94-AA94+T94 -> 1448.6458 | AE94: 700 | AF94: =AB94-AE94 -> 748.64583
A95: =A94+1 -> 93 | B95: G208 | C95: Mohammad Jakir Hossain Abdul Jalil | E95: 700 | F95: 100 | G95: 200 | H95: =E95+F95+G95 -> 1000 | I95: 30 | J95: 9 | K95: =I95-J95 -> 21 | L95: =E95/I95*K95 -> 490 | M95: 32 | N95: =E95/30/8*1.25*M95 -> 116.66667 | O95: 0 | P95: =E95/30*O95/8*1.25 -> 0 | Q95: 0 | R95: =E95/30*Q95/8*1.5 -> 0 | S95: 0 | T95: =E95/30*S95/8*2.5 -> 0 | U95: =K95 -> 21 | V95: 0 | W95: 0 | X95: =W95/I95*K95 -> 0 | Y95: =F95/I95*K95 -> 70 | Z95: 0 | AA95: 200 | AB95: =L95+N95+P95+R95+V95+X95+Y95+Z95-AA95+T95 -> 476.66667 | AD95: Extra Absent | AE95: 700 | AF95: 0
A96: =A95+1 -> 94 | B96: G209 | C96: MD Aman Ullah Md Siraj Uddin | E96: 700 | F96: 100 | G96: 200 | H96: =E96+F96+G96 -> 1000 | I96: 30 | J96: 0 | K96: =I96-J96 -> 30 | L96: =E96/I96*K96 -> 700 | M96: 50 | N96: =E96/30/8*1.25*M96 -> 182.29167 | O96: 13 | P96: =E96/30*O96/8*1.25 -> 47.395833 | Q96: 6.5 | R96: =E96/30*Q96/8*1.5 -> 28.4375 | S96: 11 | T96: =E96/30*S96/8*2.5 -> 80.208333 | U96: =K96 -> 30 | V96: =G96/I96*U96 -> 200 | W96: 0 | X96: =W96/I96*K96 -> 0 | Y96: =F96/I96*K96 -> 100 | Z96: 0 | AB96: =L96+N96+P96+R96+V96+X96+Y96+Z96-AA96+T96 -> 1338.3333 | AE96: 700 | AF96: =AB96-AE96 -> 638.33333
A97: =A96+1 -> 95 | B97: G210 | C97: MD Sumsul Alom MD Sukur Ali | E97: 700 | F97: 100 | G97: 200 | H97: =E97+F97+G97 -> 1000 | I97: 30 | J97: 0 | K97: =I97-J97 -> 30 | L97: =E97/I97*K97 -> 700 | M97: 50 | N97: =E97/30/8*1.25*M97 -> 182.29167 | O97: 13 | P97: =E97/30*O97/8*1.25 -> 47.395833 | Q97: 6.5 | R97: =E97/30*Q97/8*1.5 -> 28.4375 | S97: 11 | T97: =E97/30*S97/8*2.5 -> 80.208333 | U97: =K97 -> 30 | V97: =G97/I97*U97 -> 200 | W97: 0 | X97: =W97/I97*K97 -> 0 | Y97: =F97/I97*K97 -> 100 | Z97: 0 | AA97: 119 | AB97: =L97+N97+P97+R97+V97+X97+Y97+Z97-AA97+T97 -> 1219.3333 | AD97: Extra Vaction Penalty | AE97: 700 | AF97: =AB97-AE97 -> 519.33333
A98: =A97+1 -> 96 | B98: G212 | C98: Turan Miah Asid Miah | E98: 700 | F98: 100 | G98: 200 | H98: =E98+F98+G98 -> 1000 | I98: 30 | J98: 0 | K98: =I98-J98 -> 30 | L98: =E98/I98*K98 -> 700 | M98: 50 | N98: =E98/30/8*1.25*M98 -> 182.29167 | O98: 51 | P98: =E98/30*O98/8*1.25 -> 185.9375 | Q98: 24.5 | R98: =E98/30*Q98/8*1.5 -> 107.1875 | S98: 9.5 | T98: =E98/30*S98/8*2.5 -> 69.270833 | U98: =K98 -> 30 | V98: =G98/I98*U98 -> 200 | W98: 0 | X98: =W98/I98*K98 -> 0 | Y98: =F98/I98*K98 -> 100 | Z98: 50 | AB98: =L98+N98+P98+R98+V98+X98+Y98+Z98-AA98+T98 -> 1594.6875 | AE98: 700 | AF98: =AB98-AE98 -> 894.6875
A99: =A98+1 -> 97 | B99: G214 | C99: Kabir MD Ful Miah | E99: 700 | F99: 100 | G99: 200 | H99: =E99+F99+G99 -> 1000 | I99: 30 | J99: 1 | K99: =I99-J99 -> 29 | L99: =E99/I99*K99 -> 676.66667 | M99: 48 | N99: =E99/30/8*1.25*M99 -> 175 | O99: 0 | P99: =E99/30*O99/8*1.25 -> 0 | Q99: 0 | R99: =E99/30*Q99/8*1.5 -> 0 | S99: 0 | T99: =E99/30*S99/8*2.5 -> 0 | U99: =K99 -> 29 | V99: 0 | W99: 0 | X99: =W99/I99*K99 -> 0 | Y99: =F99/I99*K99 -> 96.666667 | Z99: 0 | AB99: =L99+N99+P99+R99+V99+X99+Y99+Z99-AA99+T99 -> 948.33333 | AE99: 700 | AF99: =AB99-AE99 -> 248.33333
A100: =A99+1 -> 98 | B100: G215 | C100: MD SHIRAJUL ISLAM | E100: 700 | F100: 100 | G100: 200 | H100: =E100+F100+G100 -> 1000 | I100: 30 | J100: 0 | K100: =I100-J100 -> 30 | L100: =E100/I100*K100 -> 700 | M100: 48 | N100: =E100/30/8*1.25*M100 -> 175 | O100: 0 | P100: =E100/30*O100/8*1.25 -> 0 | Q100: 0 | R100: =E100/30*Q100/8*1.5 -> 0 | S100: 0 | T100: =E100/30*S100/8*2.5 -> 0 | U100: =K100 -> 30 | V100: 0 | W100: 0 | X100: =W100/I100*K100 -> 0 | Y100: =F100/I100*K100 -> 100 | Z100: 0 | AB100: =L100+N100+P100+R100+V100+X100+Y100+Z100-AA100+T100 -> 975 | AE100: 700 | AF100: =AB100-AE100 -> 275
A101: =A100+1 -> 99 | B101: G225 | C101: FAIYAJ ALAM KUDDUS HAJAM MIYAN | E101: 700 | F101: 100 | G101: 200 | H101: =E101+F101+G101 -> 1000 | I101: 30 | J101: 3 | K101: =I101-J101 -> 27 | L101: =E101/I101*K101 -> 630 | M101: 44 | N101: =E101/30/8*1.25*M101 -> 160.41667 | O101: 22 | P101: =E101/30*O101/8*1.25 -> 80.208333 | Q101: 12 | R101: =E101/30*Q101/8*1.5 -> 52.5 | S101: 11 | T101: =E101/30*S101/8*2.5 -> 80.208333 | U101: =K101 -> 27 | V101: =G101/I101*U101 -> 180 | W101: 0 | X101: =W101/I101*K101 -> 0 | Y101: =F101/I101*K101 -> 90 | Z101: 25 | AB101: =L101+N101+P101+R101+V101+X101+Y101+Z101-AA101+T101 -> 1298.3333 | AE101: 607 | AF101: =AB101-AE101 -> 691.33333
...

Sheet ID
B7: PAY SLIP
B9: Gulf Oasis Manpower Supply LLC
B10: JUNE- SALARY
B11: ID | C11: G212
B12: Names | C12: =VLOOKUP(C11,'JUNE Working File (2)'!B3:C125,2,0) -> Turan Miah Asid Miah
B13: Basic | C13: =VLOOKUP(C11,'JUNE Working File (2)'!B3:E126,4,0) -> 700 | G13: G155
B14: days | C14: 31
B15: Absent | C15: =VLOOKUP(C11,'JUNE Working File (2)'!B3:J126,9,0) -> 0
B16: pres | C16: =VLOOKUP(C11,'JUNE Working File (2)'!B3:K126,10,0) -> 30 | H16: provided | J16: EXACT
B17: Basic Salary | C17: =VLOOKUP(C11,'JUNE Working File (2)'!B3:L126,11,0) -> 700 | G17: Nor | H17: 54 | J17: Nor & NON WPS | K17: 77
B18: Wps OT Hours | C18: =VLOOKUP(C11,'JUNE Working File (2)'!B3:M126,12,0) -> 50 | G18: NON | H18: 38
B19: WPS OT Salary | C19: =VLOOKUP(C11,'JUNE Working File (2)'!B3:N126,13,0) -> 182.29167 | G19: SUN | H19: 18 | J19: SUN | K19: 57
B20: Non WPs OT Hours | C20: =VLOOKUP(C11,'JUNE Working File (2)'!B3:O126,14,0) -> 51
B21: Non WPS OT Salary | C21: =VLOOKUP(C11,'JUNE Working File (2)'!B3:P126,15,0) -> 185.9375
B22: Sunday OT Hours | C22: =VLOOKUP(C11,'JUNE Working File (2)'!B3:Q126,16,0) -> 24.5
B23: Sunday OT Amount | C23: =VLOOKUP(C11,'JUNE Working File (2)'!B3:R126,17,) -> 107.1875
B24: Holiday OT Hours | C24: =VLOOKUP(C11,'JUNE Working File (2)'!B3:S126,18,0) -> 9.5
B25: Holiday OT Amount | C25: =VLOOKUP(C11,'JUNE Working File (2)'!B3:T126,19,0) -> 69.270833
B26: food days | C26: =VLOOKUP(C11,'JUNE Working File (2)'!B3:U126,20,0) -> 30
B27: Food Allow | C27: =VLOOKUP(C11,'JUNE Working File (2)'!B3:G126,6,0) -> 200
B28: Food Amount | C28: =VLOOKUP(C11,'JUNE Working File (2)'!B3:V126,21,0) -> 200
B29: Full att. | C29: =VLOOKUP(C11,'JUNE Working File (2)'!B3:X126,23,0) -> 0
B30: Incen. | C30: =VLOOKUP(C11,'JUNE Working File (2)'!B3:Y126,24,0) -> 100
B31: Addition Incentive | C31: =VLOOKUP(C11,'JUNE Working File (2)'!B3:Z126,25,0) -> 50
B32: Dedu. | C32: =VLOOKUP(C11,'JUNE Working File (2)'!B3:AA126,26,0) -> 0
B33: Total salary | C33: =C17+C19+C21+C23+C25+C27+C29+C30+C31-C32 -> 1594.6875
B34: WPS basic | C34: =VLOOKUP(C11,'JUNE Working File (2)'!B3:AE126,30,0) -> 700
B35: NON WPS | C35: =VLOOKUP(C11,'JUNE Working File (2)'!B3:AF126,31,0) -> 894.6875
B36: ACTUAL SALARY - May | C36: =+C34+C35 -> 1594.6875

Sheet Mistake
E2: June Month Complaints
C3: Sl | D3: ID | G3: Exact OT | H3: We provide | I3: Due | J3: Amount
C4: 1 | D4: 704 | E4: Ram Ratan | F4: He was not absent any day. We deduct 1 day as absent + full attnd allow 100 dhs | I4: 130
C5: 2
C6: 3

Sheet Monthly Report
C1: Bauer - Ruwais | D1: JIHUA ROYAL WING CONT. | K1: Bauer A 1269 | S1: Bauer Sadiyath - A 1267 | Z1: Bauer A 1268
D3: Tashareek | G3: DARKGLOBE | K3: SMART DIMENSION | O3: BAUER KIZAD | T3: BAUER - SADIYATH | Z3: Bauer Yas Island
C4: June 2026 | D4: 1 | E4: 2 | F4: 3 | G4: 4 | H4: 5 | I4: 6 | J4: 7 | K4: 8 | L4: 9 | M4: 10 | N4: 11 | O4: 12 | P4: 13 | Q4: 14 | R4: 15 | S4: 16 | T4: 17 | U4: 18 | V4: 19 | W4: 20 | X4: 21 | Y4: 22 | Z4: 23 | AA4: 24 | AB4: 25 | AC4: 26 | AD4: 27 | AE4: 28 | AF4: 29 | AG4: 30
A5: SL | B5: ID | C5: NAME | D5: MO | E5: TU | F5: WE | G5: TH | H5: FR | I5: SA | J5: SU | K5: MO | L5: TU | M5: WE | N5: TH | O5: FR | P5: SA | Q5: SU | R5: MO | S5: TU | T5: WE | U5: TH | V5: FR | W5: SA | X5: SU | Y5: MO | Z5: TU | AA5: WE | AB5: TH | AC5: FR | AD5: SA | AE5: SU | AF5: MO | AG5: TU | AH5: Remarks
A6: =ROW()-5 -> 1 | B6: 234 | C6: AZIZAR MOHAMMAD ROSHAN | D6: P | E6: P | F6: P | G6: P | H6: P | I6: P | J6: P | K6: P | L6: P | M6: P | N6: P | O6: P | P6: P | Q6: P | R6: P | S6: P | T6: P | U6: P | V6: P | W6: P | X6: P | Y6: P | Z6: P | AA6: P | AB6: P | AC6: P | AD6: P | AE6: P | AF6: P | AG6: P | AH6: Bauer - Ruwais
A7: =ROW()-5 -> 2 | B7: 250 | C7: JAKIR HOSSAIN SIRAJ UDDOULA | D7: P | E7: P | F7: P | G7: P | H7: P | I7: P | J7: P | K7: P | L7: P | M7: P | N7: P | O7: P | P7: P | Q7: P | R7: P | S7: P | T7: P | U7: P | V7: P | W7: P | X7: P | Y7: P | Z7: P | AA7: P | AB7: P | AC7: P | AD7: P | AE7: P | AF7: P | AG7: P | AH7: Bauer - Ruwais
A8: =ROW()-5 -> 3 | B8: 849 | C8: PARDESHI GURUSANT | D8: P | E8: P | F8: P | G8: P | H8: P | I8: P | J8: P | K8: P | L8: P | M8: P | N8: P | O8: P | P8: P | Q8: P | R8: P | S8: P | T8: A | U8: A | V8: A | W8: A | X8: A | Y8: A | Z8: A | AA8: A | AB8: A | AC8: A | AD8: A | AE8: A | AF8: A | AG8: A | AH8: Bauer - Ruwais & Under Cancel
A9: =ROW()-5 -> 4 | B9: G72 | C9: SAMBHU CHAMAR SEEMA CHAMAR | D9: P | E9: P | F9: P | G9: P | H9: P | I9: P | J9: P | K9: P | L9: P | M9: P | N9: P | O9: P | P9: P | Q9: P | R9: P | S9: P | T9: P | U9: P | V9: P | W9: P | X9: P | Y9: P | Z9: P | AA9: P | AB9: P | AC9: P | AD9: P | AE9: P | AF9: P | AG9: P | AH9: Bauer - Ruwais
A10: =ROW()-5 -> 5 | B10: 189 | C10: KAMAL ABDUR RAHMAN | D10: P | E10: P | F10: P | G10: P | H10: P | I10: P | J10: P | K10: P | L10: P | M10: P | N10: P | O10: P | P10: P | Q10: P | R10: P | S10: P | T10: P | U10: P | V10: P | W10: P | X10: P | Y10: P | Z10: P | AA10: P | AB10: P | AC10: P | AD10: P | AE10: P | AF10: P | AG10: P | AH10: Bauer Yas Island
A11: =ROW()-5 -> 6 | B11: 626 | C11: RIYAJUDDEEN ANSARI RAHAMAN | D11: P | E11: P | F11: P | G11: P | H11: P | I11: P | J11: P | K11: P | L11: P | M11: P | N11: i | O11: P | P11: P | Q11: P | R11: P | S11: P | T11: P | U11: P | V11: P | W11: P | X11: P | Y11: P | Z11: P | AA11: P | AB11: P | AC11: P | AD11: P | AE11: P | AF11: P | AG11: P | AH11: Bauer Yas Island
A12: =ROW()-5 -> 7 | B12: 693 | C12: AMIT KUMAR UPADHYAY | D12: P | E12: P | F12: P | G12: P | H12: P | I12: P | J12: P | K12: P | L12: P | M12: P | N12: P | O12: P | P12: P | Q12: P | R12: P | S12: P | T12: P | U12: P | V12: P | W12: i | X12: P | Y12: P | Z12: P | AA12: P | AB12: P | AC12: P | AD12: P | AE12: P | AF12: P | AG12: P | AH12: Bauer Yas Island
A13: =ROW()-5 -> 8 | B13: 848 | C13: DARSHAN AMRIT LAL | D13: P | E13: P | F13: P | G13: P | H13: P | I13: P | J13: P | K13: P | L13: P | M13: P | N13: P | O13: P | P13: P | Q13: P | R13: P | S13: P | T13: P | U13: P | V13: P | W13: A | X13: A | Y13: A | Z13: V | AA13: V | AB13: V | AC13: V | AD13: V | AE13: V | AF13: V | AG13: V | AH13: Bauer Yas Island
A14: =ROW()-5 -> 9 | B14: 881 | C14: SURESH BISTA BHAGAWATI BISTA | D14: P | E14: P | F14: P | G14: P | H14: P | I14: P | J14: P | K14: P | L14: P | M14: P | N14: P | O14: P | P14: P | Q14: P | R14: P | S14: SL | T14: SL | U14: P | V14: P | W14: P | X14: P | Y14: P | Z14: P | AA14: P | AB14: P | AC14: P | AD14: P | AE14: P | AF14: P | AG14: P | AH14: Bauer Yas Island
A15: =ROW()-5 -> 10 | B15: C071 | C15: SEIKH YEASIN RAHAMAN | D15: P | E15: P | F15: P | G15: P | H15: P | I15: P | J15: P | K15: P | L15: P | M15: P | N15: P | O15: P | P15: P | Q15: P | R15: P | S15: P | T15: P | U15: P | V15: P | W15: P | X15: P | Y15: P | Z15: P | AA15: P | AB15: P | AC15: P | AD15: P | AE15: P | AF15: P | AG15: P | AH15: Bauer Yas Island
A16: =ROW()-5 -> 11 | B16: G209 | C16: MD AMAN ULLAH MD SIRAJ UDDIN | D16: P | E16: P | F16: P | G16: P | H16: P | I16: P | J16: P | K16: P | L16: P | M16: P | N16: P | O16: P | P16: P | Q16: P | R16: P | S16: P | T16: P | U16: P | V16: P | W16: P | X16: P | Y16: P | Z16: P | AA16: P | AB16: P | AC16: P | AD16: P | AE16: P | AF16: P | AG16: P | AH16: Bauer Yas Island
A17: =ROW()-5 -> 12 | B17: G210 | C17: MD SUMSUL ALOM MD SUKUR ALI | D17: P | E17: P | F17: P | G17: P | H17: P | I17: P | J17: P | K17: P | L17: P | M17: P | N17: P | O17: P | P17: P | Q17: P | R17: P | S17: P | T17: P | U17: P | V17: P | W17: P | X17: P | Y17: P | Z17: P | AA17: P | AB17: P | AC17: P | AD17: P | AE17: P | AF17: P | AG17: P | AH17: Bauer Yas Island
A18: =ROW()-5 -> 13 | B18: 1012 | C18: JAFAR UDDIN KADAM ALI | D18: P | E18: P | F18: P | G18: P | H18: P | I18: P | J18: P | K18: P | L18: P | M18: P | N18: P | O18: P | P18: P | Q18: P | R18: P | S18: P | T18: P | U18: i | V18: i | W18: i | X18: i | Y18: P | Z18: P | AA18: P | AB18: P | AC18: P | AD18: P | AE18: P | AF18: P | AG18: P | AH18: Tashareek - Dxb & Bauer Yas Island
A19: =ROW()-5 -> 14 | B19: 213 | C19: MUBARAK KALU BHUIYAN | D19: P | E19: P | F19: P | G19: P | H19: P | I19: P | J19: P | K19: P | L19: P | M19: P | N19: P | O19: P | P19: P | Q19: P | R19: P | S19: P | T19: P | U19: P | V19: P | W19: P | X19: P | Y19: P | Z19: P | AA19: P | AB19: P | AC19: P | AD19: P | AE19: P | AF19: P | AG19: P | AH19: Bauer - Kizad
A20: =ROW()-5 -> 15 | B20: 247 | C20: NAZRUL ABDUL MALIK | D20: P | E20: P | F20: P | G20: P | H20: P | I20: P | J20: P | K20: P | L20: P | M20: P | N20: P | O20: P | P20: P | Q20: P | R20: P | S20: P | T20: P | U20: P | V20: P | W20: P | X20: P | Y20: P | Z20: P | AA20: P | AB20: P | AC20: P | AD20: P | AE20: P | AF20: P | AG20: P | AH20: Bauer - Kizad
A21: =ROW()-5 -> 16 | B21: 603 | C21: TAUSEEF ALI BAGHDAD SHAH | D21: P | E21: P | F21: P | G21: P | H21: P | I21: P | J21: P | K21: P | L21: P | M21: P | N21: P | O21: P | P21: P | Q21: P | R21: P | S21: P | T21: P | U21: P | V21: P | W21: P | X21: P | Y21: P | Z21: P | AA21: P | AB21: P | AC21: P | AD21: P | AE21: P | AF21: P | AG21: P | AH21: Bauer - Kizad
A22: =ROW()-5 -> 17 | B22: 604 | C22: AMDAD ALI BHUTTO MUHAMMAD | D22: P | E22: P | F22: P | G22: P | H22: P | I22: P | J22: P | K22: P | L22: P | M22: P | N22: P | O22: P | P22: P | Q22: P | R22: P | S22: P | T22: P | U22: P | V22: P | W22: P | X22: P | Y22: P | Z22: P | AA22: P | AB22: P | AC22: P | AD22: P | AE22: P | AF22: P | AG22: P | AH22: Bauer - Kizad
A23: =ROW()-5 -> 18 | B23: 606 | C23: AZEEM KHAN MUHAMMAD BASHIR | D23: P | E23: P | F23: P | G23: P | H23: P | I23: P | J23: P | K23: P | L23: P | M23: P | N23: P | O23: P | P23: P | Q23: P | R23: P | S23: P | T23: P | U23: P | V23: P | W23: P | X23: P | Y23: SL | Z23: P | AA23: P | AB23: P | AC23: P | AD23: P | AE23: P | AF23: P | AG23: P | AH23: Bauer - Kizad
A24: =ROW()-5 -> 19 | B24: 652 | C24: RAM VILASH SINGH YADAV | D24: P | E24: P | F24: P | G24: P | H24: P | I24: P | J24: P | K24: P | L24: A | M24: P | N24: i | O24: P | P24: P | Q24: P | R24: P | S24: P | T24: P | U24: P | V24: P | W24: P | X24: P | Y24: P | Z24: A | AA24: P | AB24: P | AC24: P | AD24: P | AE24: P | AF24: P | AG24: P | AH24: Bauer Kizad
A25: =ROW()-5 -> 20 | B25: 670 | C25: BIKRAM YADAV TILAKRAM YADAV | D25: P | E25: P | F25: P | G25: P | H25: P | I25: P | J25: P | K25: P | L25: P | M25: P | N25: P | O25: P | P25: P | Q25: P | R25: P | S25: P | T25: P | U25: P | V25: P | W25: P | X25: P | Y25: P | Z25: P | AA25: P | AB25: P | AC25: P | AD25: P | AE25: P | AF25: P | AG25: P | AH25: Bauer - Kizad
A26: =ROW()-5 -> 21 | B26: 836 | C26: GIRIJESH PARAS NATH GAUTAM | D26: P | E26: P | F26: P | G26: P | H26: P | I26: P | J26: P | K26: P | L26: P | M26: P | N26: P | O26: P | P26: P | Q26: P | R26: P | S26: P | T26: P | U26: P | V26: P | W26: P | X26: P | Y26: P | Z26: P | AA26: P | AB26: P | AC26: P | AD26: P | AE26: P | AF26: P | AG26: P | AH26: Bauer - Kizad
A27: =ROW()-5 -> 22 | B27: 985 | C27: IMRAN MIR KAMAN | D27: P | E27: P | F27: P | G27: P | H27: P | I27: P | J27: P | K27: P | L27: P | M27: P | N27: P | O27: P | P27: P | Q27: P | R27: P | S27: P | T27: SL | U27: SL | V27: P | W27: A | X27: P | Y27: P | Z27: P | AA27: P | AB27: SL | AC27: P | AD27: P | AE27: P | AF27: P | AG27: P | AH27: Bauer - Kizad
A28: =ROW()-5 -> 23 | B28: 1005 | C28: SHELIM OHAB ALI MOLLAH | D28: P | E28: P | F28: P | G28: P | H28: P | I28: P | J28: P | K28: P | L28: P | M28: P | N28: P | O28: P | P28: P | Q28: P | R28: P | S28: P | T28: P | U28: P | V28: P | W28: P | X28: P | Y28: P | Z28: P | AA28: P | AB28: P | AC28: P | AD28: P | AE28: P | AF28: P | AG28: P | AH28: Bauer - Kizad
A29: =ROW()-5 -> 24 | B29: C015 | C29: JAVED KHAN JUMMAN | D29: P | E29: P | F29: SL | G29: P | H29: P | I29: P | J29: P | K29: P | L29: P | M29: P | N29: P | O29: P | P29: P | Q29: P | R29: P | S29: A | T29: A | U29: V | V29: V | W29: V | X29: V | Y29: V | Z29: V | AA29: V | AB29: V | AC29: V | AD29: V | AE29: V | AF29: V | AG29: V | AH29: Bauer Kizad
A30: =ROW()-5 -> 25 | B30: C019 | C30: ABDUL KATHAR SHAHUL HAMEED | D30: P | E30: P | F30: P | G30: P | H30: P | I30: P | J30: P | K30: P | L30: P | M30: P | N30: P | O30: P | P30: P | Q30: P | R30: P | S30: P | T30: P | U30: P | V30: P | W30: P | X30: P | Y30: P | Z30: P | AA30: P | AB30: P | AC30: P | AD30: P | AE30: P | AF30: P | AG30: P | AH30: Bauer - Kizad
A31: =ROW()-5 -> 26 | B31: C050 | C31: KAWSAR ALI MAJIBUL S | D31: P | E31: P | F31: P | G31: P | H31: P | I31: P | J31: P | K31: P | L31: P | M31: P | N31: P | O31: P | P31: P | Q31: P | R31: P | S31: P | T31: P | U31: P | V31: P | W31: P | X31: P | Y31: P | Z31: P | AA31: P | AB31: P | AC31: P | AD31: P | AE31: P | AF31: P | AG31: P | AH31: Bauer - Kizad
A32: =ROW()-5 -> 27 | B32: G59 | C32: BIPAIT PASMAN JOGI PASMAN | D32: P | E32: P | F32: P | G32: P | H32: P | I32: P | J32: P | K32: P | L32: P | M32: P | N32: P | O32: P | P32: P | Q32: P | R32: P | S32: P | T32: P | U32: P | V32: P | W32: P | X32: P | Y32: P | Z32: P | AA32: P | AB32: P | AC32: P | AD32: P | AE32: P | AF32: P | AG32: P | AH32: Bauer Kizad
A33: =ROW()-5 -> 28 | B33: G82 | C33: SONELAL MUKHIYA BIN NIRAMLA DEVI MUKHIYA BIN | D33: P | E33: P | F33: P | G33: P | H33: P | I33: P | J33: P | K33: P | L33: P | M33: P | N33: P | O33: P | P33: P | Q33: P | R33: P | S33: P | T33: P | U33: P | V33: P | W33: P | X33: P | Y33: P | Z33: P | AA33: P | AB33: P | AC33: P | AD33: P | AE33: P | AF33: P | AG33: P | AH33: Bauer - Kizad
A34: =ROW()-5 -> 29 | B34: G118 | C34: SHREE RAM MANDAL JHAULIYA MANDAL | D34: P | E34: P | F34: P | G34: P | H34: SL | I34: P | J34: P | K34: P | L34: P | M34: P | N34: P | O34: P | P34: P | Q34: P | R34: P | S34: P | T34: P | U34: P | V34: P | W34: P | X34: P | Y34: P | Z34: P | AA34: P | AB34: P | AC34: P | AD34: P | AE34: P | AF34: P | AG34: P | AH34: Bauer Kizad
A35: =ROW()-5 -> 30 | B35: G161 | C35: KUMAR BISHWAKARMA SAHAMAN BISHWAKARMA | D35: P | E35: P | F35: P | G35: P | H35: P | I35: P | J35: P | K35: P | L35: P | M35: P | N35: P | O35: P | P35: P | Q35: P | R35: P | S35: P | T35: P | U35: P | V35: P | W35: P | X35: P | Y35: P | Z35: P | AA35: P | AB35: P | AC35: P | AD35: P | AE35: P | AF35: P | AG35: P | AH35: Bauer - Kizad
A36: =ROW()-5 -> 31 | B36: G173 | C36: JOGENDRA YADAV RAMPRIT YADAV | D36: P | E36: P | F36: P | G36: P | H36: P | I36: P | J36: P | K36: P | L36: P | M36: P | N36: P | O36: P | P36: P | Q36: P | R36: P | S36: P | T36: P | U36: P | V36: P | W36: P | X36: P | Y36: P | Z36: P | AA36: P | AB36: P | AC36: P | AD36: P | AE36: P | AF36: P | AG36: P | AH36: Bauer - Kizad
A37: =ROW()-5 -> 32 | B37: G199 | C37: MD SORIF MIA MD KALAM MIA | D37: P | E37: P | F37: SL | G37: P | H37: P | I37: P | J37: P | K37: P | L37: P | M37: P | N37: P | O37: P | P37: P | Q37: P | R37: P | S37: P | T37: P | U37: P | V37: P | W37: P | X37: P | Y37: P | Z37: P | AA37: P | AB37: P | AC37: P | AD37: P | AE37: P | AF37: P | AG37: P | AH37: Bauer - Kizad
A38: =ROW()-5 -> 33 | B38: G200 | C38: MOHAMMAD FARVEZ MANJUR ALAM | D38: P | E38: P | F38: P | G38: P | H38: P | I38: P | J38: P | K38: P | L38: P | M38: P | N38: P | O38: SL | P38: P | Q38: P | R38: P | S38: P | T38: P | U38: P | V38: P | W38: P | X38: P | Y38: P | Z38: P | AA38: P | AB38: P | AC38: P | AD38: P | AE38: P | AF38: P | AG38: P | AH38: Bauer - Kizad
A39: =ROW()-5 -> 34 | B39: G206 | C39: HASAN MAHMUD MD ABDUL HAMEED | D39: P | E39: P | F39: P | G39: P | H39: P | I39: P | J39: P | K39: P | L39: P | M39: P | N39: P | O39: P | P39: P | Q39: P | R39: P | S39: P | T39: P | U39: P | V39: P | W39: P | X39: P | Y39: P | Z39: P | AA39: P | AB39: P | AC39: P | AD39: P | AE39: P | AF39: P | AG39: P | AH39: Bauer - Kizad
A40: =ROW()-5 -> 35 | B40: G225 | C40: FAIYAJ ALAM KUDDUS HAJAM MIYAN | D40: P | E40: A | F40: P | G40: P | H40: P | I40: P | J40: P | K40: P | L40: P | M40: P | N40: P | O40: P | P40: P | Q40: P | R40: P | S40: A | T40: P | U40: P | V40: P | W40: P | X40: P | Y40: P | Z40: P | AA40: P | AB40: P | AC40: P | AD40: P | AE40: P | AF40: P | AG40: A | AH40: Bauer - Kizad
... A44: =ROW()-5 -> 39 | B44: G259 | C44: LAMECH MUGEJERA | D44: P | E44: P | F44: P | G44: P | H44: P | I44: P | J44: P | K44: P | L44: SL | M44: P | N44: P | O44: P | P44: P | Q44: P | R44: P | S44: P | T44: P | U44: P | V44: P | W44: P | X44: P | Y44: P | Z44: P | AA44: A | AB44: P | AC44: P | AD44: P | AE44: P | AF44: P | AG44: P | AH44: Bauer - Kizad
A45: =ROW()-5 -> 40 | B45: 695 | C45: TEJ BAHADUR RANA OILI RANA | D45: P | E45: P | F45: P | G45: P | H45: P | I45: P | J45: P | K45: P | L45: P | M45: P | N45: P | O45: P | P45: P | Q45: P | R45: P | S45: P | T45: P | U45: P | V45: P | W45: P | X45: P | Y45: P | Z45: P | AA45: i | AB45: P | AC45: P | AD45: P | AE45: P | AF45: P | AG45: P | AH45: Darkglobe
A46: =ROW()-5 -> 41 | B46: 995 | C46: MUNAWAR SAEED ANWAR SAID | D46: P | E46: SL | F46: P | G46: P | H46: P | I46: P | J46: P | K46: P | L46: P | M46: P | N46: P | O46: P | P46: P | Q46: P | R46: P | S46: A | T46: P | U46: P | V46: P | W46: P | X46: P | Y46: P | Z46: P | AA46: P | AB46: P | AC46: P | AD46: P | AE46: P | AF46: SL | AG46: P | AH46: Darkglobe
A47: =ROW()-5 -> 42 | B47: G40 | C47: SANJAY MAHATO DHAGAD BHULAN MAHATO DHAGAD | D47: P | E47: P | F47: P | G47: P | H47: P | I47: P | J47: P | K47: P | L47: P | M47: P | N47: P | O47: P | P47: P | Q47: P | R47: P | S47: P | T47: P | U47: P | V47: P | W47: P | X47: P | Y47: P | Z47: P | AA47: P | AB47: P | AC47: P | AD47: P | AE47: P | AF47: P | AG47: P | AH47: Darkglobe
A48: =ROW()-5 -> 43 | B48: G108 | C48: SUNDAR RAM SHREE LAL RAM | D48: P | E48: P | F48: P | G48: P | H48: P | I48: P | J48: P | K48: P | L48: P | M48: P | N48: P | O48: P | P48: P | Q48: P | R48: P | S48: P | T48: P | U48: P | V48: P | W48: P | X48: P | Y48: P | Z48: P | AA48: P | AB48: P | AC48: P | AD48: P | AE48: P | AF48: P | AG48: P | AH48: Darkglobe
A49: =ROW()-5 -> 44 | B49: G172 | C49: BASU SADA GUNTEN SADA MUSHAR | D49: P | E49: P | F49: P | G49: P | H49: P | I49: P | J49: P | K49: P | L49: P | M49: P | N49: P | O49: P | P49: P | Q49: P | R49: P | S49: P | T49: P | U49: P | V49: P | W49: P | X49: P | Y49: P | Z49: P | AA49: P | AB49: P | AC49: P | AD49: P | AE49: P | AF49: P | AG49: P | AH49: Darkglobe
A50: =ROW()-5 -> 45 | B50: G243 | C50: SHERAZ KHAN SHER ALI KHAN | D50: P | E50: P | F50: P | G50: P | H50: P | I50: P | J50: P | K50: P | L50: P | M50: P | N50: P | O50: P | P50: P | Q50: P | R50: P | S50: P | T50: P | U50: P | V50: P | W50: P | X50: P | Y50: P | Z50: P | AA50: P | AB50: P | AC50: P | AD50: P | AE50: P | AF50: P | AG50: P | AH50: Darkglobe
A51: =ROW()-5 -> 46 | B51: G257 | C51: Craish Yiga | D51: P | E51: P | F51: P | G51: P | H51: P | I51: A | J51: P | K51: P | L51: P | M51: P | N51: P | O51: P | P51: P | Q51: P | R51: P | S51: P | T51: P | U51: P | V51: P | W51: P | X51: P | Y51: P | Z51: P | AA51: P | AB51: P | AC51: P | AD51: P | AE51: P | AF51: P | AG51: P | AH51: Darkglobe
A52: =ROW()-5 -> 47 | B52: G268 | C52: RANJIT KUMAR YADAV | D52: P | E52: P | F52: P | G52: P | H52: P | I52: P | J52: P | K52: P | L52: P | M52: P | N52: P | O52: P | P52: P | Q52: P | R52: P | S52: P | T52: P | U52: P | V52: P | W52: P | X52: P | Y52: P | Z52: P | AA52: P | AB52: P | AC52: P | AD52: P | AE52: P | AF52: P | AG52: P | AH52: Darkglobe
A53: =ROW()-5 -> 48 | B53: 821 | C53: SHANKAR SINGH RAM ASARE SINGH | D53: P | E53: P | F53: P | G53: P | H53: P | I53: P | J53: P | K53: P | L53: P | M53: P | N53: P | O53: P | P53: P | Q53: P | R53: P | S53: P | T53: P | U53: P | V53: P | W53: P | X53: P | Y53: P | Z53: P | AA53: P | AB53: P | AC53: P | AD53: P | AE53: P | AF53: P | AG53: P | AH53: SMART DIMENSION
A54: =ROW()-5 -> 49 | B54: 984 | C54: SHAMROZ NASRA DIN | D54: P | E54: P | F54: P | G54: P | H54: P | I54: P | J54: P | K54: P | L54: P | M54: P | N54: P | O54: P | P54: P | Q54: P | R54: P | S54: P | T54: P | U54: P | V54: P | W54: P | X54: P | Y54: P | Z54: P | AA54: P | AB54: P | AC54: P | AD54: P | AE54: P | AF54: P | AG54: P | AH54: SMART DIMENSION
A55: =ROW()-5 -> 50 | B55: 1045 | C55: DALOWAR HOSSAIN | D55: P | E55: P | F55: P | G55: P | H55: P | I55: P | J55: P | K55: P | L55: P | M55: P | N55: P | O55: P | P55: P | Q55: P | R55: P | S55: P | T55: P | U55: P | V55: P | W55: P | X55: P | Y55: P | Z55: P | AA55: P | AB55: P | AC55: P | AD55: P | AE55: P | AF55: P | AG55: P | AH55: SMART DIMENSION
A56: =ROW()-5 -> 51 | B56: G20 | C56: MANOJ KUMAR YADAV | D56: P | E56: P | F56: P | G56: P | H56: P | I56: P | J56: P | K56: P | L56: P | M56: P | N56: P | O56: P | P56: P | Q56: P | R56: P | S56: P | T56: P | U56: P | V56: P | W56: P | X56: P | Y56: P | Z56: P | AA56: P | AB56: P | AC56: P | AD56: P | AE56: P | AF56: P | AG56: P | AH56: SMART DIMENSION
A57: =ROW()-5 -> 52 | B57: G152 | C57: DHANBIR MANDAL BILTU MANDAL | D57: P | E57: P | F57: P | G57: P | H57: P | I57: P | J57: P | K57: P | L57: P | M57: SL | N57: P | O57: P | P57: P | Q57: P | R57: P | S57: P | T57: P | U57: P | V57: P | W57: P | X57: P | Y57: P | Z57: P | AA57: P | AB57: P | AC57: P | AD57: P | AE57: P | AF57: P | AG57: P | AH57: SMART DIMENSION
A58: =ROW()-5 -> 53 | B58: G190 | C58: MD RAIHAN MD MANJO MIAH | D58: P | E58: P | F58: P | G58: P | H58: P | I58: P | J58: P | K58: P | L58: P | M58: P | N58: P | O58: P | P58: P | Q58: P | R58: P | S58: P | T58: P | U58: P | V58: P | W58: P | X58: P | Y58: P | Z58: P | AA58: P | AB58: P | AC58: i | AD58: P | AE58: P | AF58: P | AG58: P | AH58: SMART DIMENSION
A59: =ROW()-5 -> 54 | B59: G192 | C59: ABUL BASHER ABDUL MUNAF | D59: P | E59: P | F59: P | G59: P | H59: P | I59: P | J59: P | K59: P | L59: P | M59: SL | N59: P | O59: P | P59: P | Q59: P | R59: P | S59: P | T59: P | U59: P | V59: P | W59: P | X59: P | Y59: P | Z59: P | AA59: i | AB59: P | AC59: P | AD59: P | AE59: P | AF59: P | AG59: P | AH59: SMART DIMENSION
A60: =ROW()-5 -> 55 | B60: G235 | C60: USMAN NAJEEB NAJEEB ULLAH | D60: A | E60: P | F60: P | G60: P | H60: SL | I60: P | J60: P | K60: P | L60: P | M60: P | N60: P | O60: P | P60: P | Q60: P | R60: P | S60: P | T60: P | U60: P | V60: P | W60: P | X60: P | Y60: P | Z60: P | AA60: P | AB60: P | AC60: P | AD60: P | AE60: P | AF60: P | AG60: P | AH60: SMART DIMENSION
A61: =ROW()-5 -> 56 | B61: G246 | C61: MUNSIF KHAN SAID ZAMAN | D61: A | E61: P | F61: P | G61: P | H61: P | I61: P | J61: P | K61: P | L61: P | M61: P | N61: P | O61: P | P61: P | Q61: P | R61: P | S61: P | T61: P | U61: P | V61: P | W61: P | X61: P | Y61: P | Z61: P | AA61: SL | AB61: P | AC61: P | AD61: P | AE61: P | AF61: P | AG61: P | AH61: SMART DIMENSION
A62: =ROW()-5 -> 57 | B62: G252 | C62: BIRENDRA MANDAL | D62: P | E62: P | F62: P | G62: SL | H62: P | I62: P | J62: P | K62: P | L62: P | M62: P | N62: P | O62: P | P62: P | Q62: P | R62: P | S62: P | T62: P | U62: P | V62: P | W62: P | X62: P | Y62: P | Z62: P | AA62: P | AB62: P | AC62: P | AD62: P | AE62: P | AF62: P | AG62: P | AH62: SMART DIMENSION
A63: =ROW()-5 -> 58 | B63: 75 | C63: MUHAMMAD AFZAL MUHAMMAD SHAHBAZ | D63: P | E63: P | F63: P | G63: P | H63: P | I63: P | J63: P | K63: P | L63: P | M63: P | N63: P | O63: P | P63: P | Q63: P | R63: P | S63: P | T63: P | U63: P | V63: P | W63: P | X63: P | Y63: P | Z63: P | AA63: P | AB63: P | AC63: P | AD63: P | AE63: P | AF63: P | AG63: P | AH63: Bauer A 1267
A64: =ROW()-5 -> 59 | B64: 182 | C64: HORA MONI MOJUMDER ANONTA KUMAR MOJUMDER | D64: P | E64: P | F64: SL | G64: P | H64: P | I64: P | J64: P | K64: P | L64: P | M64: P | N64: P | O64: P | P64: P | Q64: P | R64: P | S64: P | T64: P | U64: P | V64: P | W64: P | X64: P | Y64: P | Z64: P | AA64: P | AB64: P | AC64: P | AD64: P | AE64: P | AF64: P | AG64: P | AH64: Bauer A 1267
A65: =ROW()-5 -> 60 | B65: 669 | C65: MAHENDRA THAPA GAJE THAPA | D65: P | E65: P | F65: P | G65: P | H65: P | I65: P | J65: P | K65: P | L65: P | M65: A | N65: C | O65: C | P65: C | Q65: C | R65: C | S65: C | T65: C | U65: C | V65: C | W65: C | X65: C | Y65: C | Z65: C | AA65: C | AB65: C | AC65: C | AD65: C | AE65: C | AF65: C | AG65: C | AH65: Bauer A 1267
A66: =ROW()-5 -> 61 | B66: 963 | C66: JANAK YADAV SHIV SHANKAR YADAV | D66: P | E66: P | F66: P | G66: P | H66: P | I66: P | J66: P | K66: P | L66: P | M66: P | N66: P | O66: P | P66: P | Q66: P | R66: P | S66: P | T66: P | U66: P | V66: P | W66: P | X66: P | Y66: P | Z66: P | AA66: P | AB66: P | AC66: P | AD66: P | AE66: P | AF66: P | AG66: P | AH66: Bauer A 1267
A67: =ROW()-5 -> 62 | B67: G42 | C67: NAR BAHADUR LIMBU UTTAR BAHADUR LIMBU | D67: P | E67: P | F67: P | G67: P | H67: P | I67: P | J67: P | K67: A | L67: P | M67: P | N67: P | O67: P | P67: P | Q67: P | R67: P | S67: P | T67: SL | U67: P | V67: P | W67: P | X67: P | Y67: P | Z67: P | AA67: P | AB67: P | AC67: P | AD67: P | AE67: P | AF67: P | AG67: A | AH67: Bauer A 1267
A68: =ROW()-5 -> 63 | B68: G67 | C68: RAJU SUNAR KAILA SUNAR | D68: P | E68: P | F68: P | G68: P | H68: P | I68: P | J68: P | K68: P | L68: P | M68: P | N68: P | O68: P | P68: P | Q68: P | R68: P | S68: P | T68: P | U68: P | V68: P | W68: P | X68: P | Y68: P | Z68: P | AA68: P | AB68: P | AC68: P | AD68: P | AE68: P | AF68: P | AG68: P | AH68: Bauer A 1267
A69: =ROW()-5 -> 64 | B69: G177 | C69: AMINDRA MAJHI MUSHAR | D69: P | E69: P | F69: P | G69: P | H69: P | I69: P | J69: P | K69: P | L69: P | M69: P | N69: P | O69: P | P69: P | Q69: P | R69: P | S69: P | T69: P | U69: P | V69: P | W69: P | X69: P | Y69: P | Z69: P | AA69: P | AB69: P | AC69: P | AD69: P | AE69: P | AF69: P | AG69: P | AH69: Bauer A 1267
A70: =ROW()-5 -> 65 | B70: G260 | C70: CHRISTOPHER TUMWIJUKYE | D70: P | E70: P | F70: P | G70: P | H70: P | I70: P | J70: P | K70: P | L70: P | M70: P | N70: P | O70: P | P70: P | Q70: P | R70: P | S70: P | T70: P | U70: P | V70: P | W70: P | X70: P | Y70: P | Z70: P | AA70: P | AB70: P | AC70: P | AD70: P | AE70: P | AF70: P | AG70: P | AH70: Bauer A 1267
A71: =ROW()-5 -> 66 | B71: G262 | C71: YUNUS SSAWAMASO NSUBUGA | D71: P | E71: A | F71: P | G71: P | H71: P | I71: P | J71: P | K71: P | L71: P | M71: P | N71: P | O71: P | P71: P | Q71: P | R71: P | S71: P | T71: P | U71: P | V71: P | W71: P | X71: P | Y71: P | Z71: P | AA71: P | AB71: P | AC71: P | AD71: P | AE71: P | AF71: P | AG71: P | AH71: Bauer A 1267
A72: =ROW()-5 -> 67 | B72: G169 | C72: LALKU SADA LADDU SADA | D72: A | E72: P | F72: P | G72: P | H72: P | I72: P | J72: P | K72: P | L72: P | M72: P | N72: P | O72: P | P72: P | Q72: P | R72: P | S72: P | T72: P | U72: P | V72: P | W72: P | X72: P | Y72: P | Z72: P | AA72: SL | AB72: P | AC72: P | AD72: P | AE72: P | AF72: P | AG72: P | AH72: Bauer A 1267
A73: =ROW()-5 -> 68 | B73: G202 | C73: MD KAMAL MIA MD ABDUS SALAM | D73: P | E73: P | F73: P | G73: P | H73: P | I73: P | J73: P | K73: P | L73: P | M73: P | N73: P | O73: P | P73: P | Q73: P | R73: P | S73: P | T73: P | U73: P | V73: P | W73: P | X73: P | Y73: P | Z73: P | AA73: P | AB73: P | AC73: P | AD73: P | AE73: P | AF73: P | AG73: P | AH73: Bauer A 1267
A74: =ROW()-5 -> 69 | B74: C042 | C74: MUHAMMAD KAMIL ABDUL MALIK | D74: V | E74: V | F74: V | G74: V | H74: V | I74: V | J74: V | K74: V | L74: V | M74: V | N74: V | O74: V | P74: V | Q74: V | R74: V | S74: V | T74: V | U74: V | V74: V | W74: V | X74: V | Y74: V | Z74: V | AA74: V | AB74: i | AC74: P | AD74: P | AE74: P | AF74: P | AG74: P | AH74: VACATION & Bauer A 1267
A75: =ROW()-5 -> 70 | B75: 484 | C75: MOHAMMAD MANSUR ALAM | D75: P | E75: P | F75: P | G75: P | H75: P | I75: P | J75: P | K75: P | L75: P | M75: P | N75: P | O75: P | P75: P | Q75: P | R75: P | S75: P | T75: P | U75: P | V75: A | W75: A | X75: A | Y75: A | Z75: V | AA75: V | AB75: V | AC75: V | AD75: V | AE75: V | AF75: V | AG75: V | AH75: Bauer A 1271
A76: =ROW()-5 -> 71 | B76: 837 | C76: RAM LAKHAN RAM PRATAP | D76: P | E76: P | F76: P | G76: P | H76: P | I76: P | J76: P | K76: SL | L76: A | M76: P | N76: P | O76: A | P76: P | Q76: P | R76: P | S76: P | T76: P | U76: P | V76: P | W76: P | X76: P | Y76: P | Z76: A | AA76: P | AB76: P | AC76: P | AD76: P | AE76: P | AF76: A | AG76: P | AH76: Bauer A 1271
A77: =ROW()-5 -> 72 | B77: 845 | C77: HARIDWAR CHAUHAN DEV NATH | D77: P | E77: P | F77: P | G77: P | H77: P | I77: P | J77: P | K77: P | L77: P | M77: P | N77: P | O77: P | P77: P | Q77: P | R77: P | S77: P | T77: P | U77: P | V77: P | W77: P | X77: P | Y77: P | Z77: P | AA77: P | AB77: P | AC77: P | AD77: P | AE77: P | AF77: P | AG77: P | AH77: Bauer A 1271
A78: =ROW()-5 -> 73 | B78: 1009 | C78: HABIL MIA JAMALUDDIN | D78: P | E78: P | F78: P | G78: P | H78: P | I78: P | J78: P | K78: P | L78: P | M78: P | N78: P | O78: SL | P78: P | Q78: P | R78: P | S78: P | T78: P | U78: P | V78: P | W78: P | X78: P | Y78: P | Z78: P | AA78: P | AB78: P | AC78: P | AD78: P | AE78: P | AF78: P | AG78: P | AH78: Bauer A 1271
A79: =ROW()-5 -> 74 | B79: 1015 | C79: HARBHAJAN SINGH SARWAN SINGH | D79: P | E79: P | F79: P | G79: P | H79: P | I79: P | J79: P | K79: P | L79: P | M79: P | N79: P | O79: P | P79: P | Q79: P | R79: P | S79: P | T79: P | U79: P | V79: P | W79: P | X79: P | Y79: P | Z79: P | AA79: P | AB79: P | AC79: P | AD79: P | AE79: P | AF79: P | AG79: P | AH79: Bauer A 1271
A80: =ROW()-5 -> 75 | B80: 2174 | C80: MUHAMMAD SHAKIR MUHAMMAD AMIN | D80: P | E80: P | F80: P | G80: P | H80: A | I80: A | J80: V | K80: V | L80: V | M80: V | N80: V | O80: V | P80: V | Q80: V | R80: V | S80: V | T80: V | U80: V | V80: V | W80: V | X80: V | Y80: V | Z80: V | AA80: V | AB80: V | AC80: V | AD80: V | AE80: V | AF80: V | AG80: V | AH80: Bauer A 1271
A81: =ROW()-5 -> 76 | B81: G123 | C81: PRAMOD KUMAR MANDAL MUNILAL MANDAL | D81: P | E81: P | F81: P | G81: P | H81: P | I81: P | J81: P | K81: P | L81: P | M81: P | N81: P | O81: P | P81: P | Q81: P | R81: P | S81: P | T81: P | U81: P | V81: P | W81: P | X81: P | Y81: P | Z81: P | AA81: P | AB81: P | AC81: P | AD81: P | AE81: P | AF81: P | AG81: P | AH81: Bauer A 1271
A82: =ROW()-5 -> 77 | B82: G148 | C82: SUNDAR KUMAR SADAY ANESIYA MUSAHAR | D82: P | E82: P | F82: P | G82: P | H82: P | I82: P | J82: P | K82: P | L82: SL | M82: P | N82: P | O82: P | P82: P | Q82: P | R82: P | S82: P | T82: P | U82: P | V82: P | W82: A | X82: P | Y82: P | Z82: P | AA82: SL | AB82: A | AC82: P | AD82: P | AE82: P | AF82: P | AG82: P | AH82: Bauer A 1271
A83: =ROW()-5 -> 78 | B83: G212 | C83: TURAN MIAH ASID MIAH | D83: P | E83: P | F83: P | G83: P | H83: P | I83: P | J83: P | K83: P | L83: P | M83: P | N83: P | O83: P | P83: P | Q83: P | R83: P | S83: P | T83: P | U83: P | V83: P | W83: P | X83: P | Y83: P | Z83: P | AA83: P | AB83: P | AC83: P | AD83: P | AE83: P | AF83: P | AG83: P | AH83: Bauer A 1271
A84: =ROW()-5 -> 79 | B84: G256 | C84: DIPAK PRASAD KURMI | D84: P | E84: P | F84: P | G84: P | H84: P | I84: P | J84: P | K84: P | L84: P | M84: P | N84: P | O84: P | P84: P | Q84: P | R84: P | S84: P | T84: P | U84: P | V84: P | W84: P | X84: P | Y84: P | Z84: P | AA84: P | AB84: P | AC84: P | AD84: P | AE84: P | AF84: P | AG84: P | AH84: Bauer A 1271
A85: =ROW()-5 -> 80 | B85: G60 | C85: MAHINDRA YADAV RAM SEBAK YADAV | D85: P | E85: A | F85: P | G85: P | H85: i | I85: i | J85: i | K85: i | L85: i | M85: P | N85: P | O85: P | P85: P | Q85: P | R85: P | S85: P | T85: P | U85: P | V85: P | W85: P | X85: P | Y85: P | Z85: P | AA85: P | AB85: P | AC85: P | AD85: P | AE85: P | AF85: P | AG85: P | AH85: JIHUA ROYAL & Bauer A 1271
A86: =ROW()-5 -> 81 | B86: 1055 | C86: KAMAL UDDIN AFIL UDDIN | D86: V | E86: V | F86: V | G86: V | H86: V | I86: V | J86: V | K86: V | L86: A | M86: P | N86: P | O86: P | P86: P | Q86: P | R86: P | S86: P | T86: P | U86: P | V86: P | W86: P | X86: P | Y86: P | Z86: P | AA86: P | AB86: P | AC86: P | AD86: P | AE86: P | AF86: P | AG86: P | AH86: Vacation & Bauer A 1271
A87: =ROW()-5 -> 82 | B87: G263 | C87: Shafic Kyazze | D87: A | E87: P | F87: P | G87: P | H87: i | I87: i | J87: i | K87: i | L87: i | M87: P | N87: P | O87: P | P87: P | Q87: P | R87: P | S87: P | T87: P | U87: P | V87: P | W87: P | X87: P | Y87: P | Z87: P | AA87: P | AB87: P | AC87: P | AD87: P | AE87: P | AF87: P | AG87: P | AH87: Bauer - Kizad & A 1271
A88: =ROW()-5 -> 83 | B88: 777 | C88: JAY RAM MUKHRAN HARIJAN | D88: P | E88: P | F88: P | G88: P | H88: P | I88: P | J88: P | K88: P | L88: P | M88: P | N88: P | O88: P | P88: P | Q88: P | R88: P | S88: P | T88: P | U88: P | V88: P | W88: P | X88: P | Y88: A | Z88: P | AA88: P | AB88: P | AC88: P | AD88: P | AE88: P | AF88: P | AG88: P | AH88: Bauer A 1268
A89: =ROW()-5 -> 84 | B89: 818 | C89: MANOJ YADAV RAM ADHAR YADAV | D89: P | E89: P | F89: P | G89: P | H89: P | I89: P | J89: P | K89: P | L89: P | M89: P | N89: P | O89: P | P89: P | Q89: P | R89: P | S89: P | T89: P | U89: P | V89: P | W89: P | X89: P | Y89: P | Z89: P | AA89: P | AB89: P | AC89: P | AD89: P | AE89: P | AF89: P | AG89: P | AH89: Bauer A 1268
A90: =ROW()-5 -> 85 | B90: 1034 | C90: RAFIQUL SHORIF KUBAD SHORIF | D90: P | E90: P | F90: P | G90: P | H90: P | I90: P | J90: P | K90: P | L90: P | M90: P | N90: P | O90: P | P90: P | Q90: P | R90: P | S90: P | T90: P | U90: P | V90: P | W90: P | X90: P | Y90: P | Z90: P | AA90: P | AB90: P | AC90: P | AD90: P | AE90: P | AF90: P | AG90: P | AH90: Bauer A 1268
A91: =ROW()-5 -> 86 | B91: G24 | C91: DHANIK LAL MAHARA NIRMALA DEVI | D91: P | E91: P | F91: P | G91: P | H91: P | I91: P | J91: P | K91: A | L91: V | M91: V | N91: V | O91: V | P91: V | Q91: V | R91: V | S91: V | T91: V | U91: V | V91: V | W91: V | X91: V | Y91: V | Z91: V | AA91: V | AB91: V | AC91: V | AD91: V | AE91: V | AF91: V | AG91: V | AH91: Bauer A 1268 & Vacation
A92: =ROW()-5 -> 87 | B92: G122 | C92: NANU SADA RAM PARIKSHAN MUSAHAR | D92: P | E92: P | F92: P | G92: P | H92: P | I92: P | J92: P | K92: P | L92: P | M92: P | N92: P | O92: SL | P92: P | Q92: P | R92: P | S92: P | T92: P | U92: P | V92: P | W92: P | X92: P | Y92: P | Z92: P | AA92: P | AB92: P | AC92: P | AD92: P | AE92: P | AF92: P | AG92: P | AH92: Bauer A 1268
A93: =ROW()-5 -> 88 | B93: G155 | C93: SUNIL KUMAR YADAV RAMA TARAIT YADAV | D93: P | E93: P | F93: P | G93: P | H93: P | I93: P | J93: P | K93: P | L93: P | M93: P | N93: P | O93: P | P93: P | Q93: P | R93: P | S93: P | T93: P | U93: P | V93: P | W93: P | X93: P | Y93: P | Z93: P | AA93: SL | AB93: P | AC93: P | AD93: P | AE93: P | AF93: P | AG93: P | AH93: Bauer A 1268
A94: =ROW()-5 -> 89 | B94: G32 | C94: RAM KUMAR YADAV RAGHUNANDAN YADAV | D94: P | E94: P | F94: P | G94: P | H94: P | I94: P | J94: P | K94: P | L94: P | M94: P | N94: P | O94: P | P94: P | Q94: P | R94: P | S94: P | T94: P | U94: P | V94: P | W94: P | X94: P | Y94: P | Z94: P | AA94: P | AB94: P | AC94: P | AD94: P | AE94: P | AF94: P | AG94: P | AH94: Bauer A 1269
A95: =ROW()-5 -> 90 | B95: G264 | C95: ARJUN SARDAR THARU | D95: P | E95: P | F95: P | G95: P | H95: P | I95: P | J95: P | K95: P | L95: P | M95: P | N95: P | O95: P | P95: P | Q95: P | R95: P | S95: P | T95: P | U95: P | V95: P | W95: P | X95: P | Y95: P | Z95: P | AA95: P | AB95: P | AC95: P | AD95: P | AE95: P | AF95: P | AG95: P | AH95: Bauer A 1269
A96: =ROW()-5 -> 91 | B96: G265 | C96: HARERAM PANDIT | D96: P | E96: P | F96: P | G96: P | H96: P | I96: P | J96: P | K96: P | L96: P | M96: P | N96: P | O96: P | P96: P | Q96: P | R96: P | S96: P | T96: P | U96: P | V96: P | W96: P | X96: P | Y96: P | Z96: P | AA96: P | AB96: P | AC96: P | AD96: P | AE96: P | AF96: P | AG96: P | AH96: Bauer A 1269
A97: =ROW()-5 -> 92 | B97: G266 | C97: KRISHNA RAJ RANA | D97: P | E97: P | F97: P | G97: P | H97: P | I97: P | J97: P | K97: P | L97: P | M97: P | N97: P | O97: P | P97: P | Q97: P | R97: P | S97: P | T97: P | U97: P | V97: P | W97: P | X97: P | Y97: P | Z97: P | AA97: P | AB97: P | AC97: P | AD97: P | AE97: P | AF97: P | AG97: P | AH97: Bauer A 1269
A98: =ROW()-5 -> 93 | B98: G267 | C98: PANDIT HAJARA | D98: P | E98: P | F98: P | G98: P | H98: P | I98: P | J98: P | K98: P | L98: P | M98: P | N98: P | O98: P | P98: P | Q98: P | R98: P | S98: P | T98: P | U98: P | V98: P | W98: P | X98: P | Y98: P | Z98: P | AA98: P | AB98: P | AC98: P | AD98: P | AE98: P | AF98: P | AG98: P | AH98: Bauer A 1269
A99: =ROW()-5 -> 94 | B99: G19 | C99: ABUL KALAM JASIM UDDIN | D99: P | E99: P | F99: P | G99: P | H99: P | I99: P | J99: P | K99: P | L99: P | M99: P | N99: P | O99: P | P99: P | Q99: P | R99: P | S99: P | T99: P | U99: P | V99: P | W99: P | X99: P | Y99: P | Z99: P | AA99: P | AB99: P | AC99: P | AD99: P | AE99: P | AF99: P | AG99: P | AH99: Bauer A 1269
A100: =ROW()-5 -> 95 | B100: G132 | C100: Shiv Chandra Yadav | D100: P | E100: P | F100: P | G100: P | H100: P | I100: P | J100: P | K100: P | L100: P | M100: P | N100: P | O100: P | P100: P | Q100: P | R100: P | S100: P | T100: P | U100: P | V100: P | W100: P | X100: P | Y100: P | Z100: P | AA100: A | AB100: P | AC100: P | AD100: P | AE100: P | AF100: P | AG100: P | AH100: Bauer A 1269
A101: =ROW()-5 -> 96 | B101: 245 | C101: ABU BAKKAR LATE ABDUL GONU MIAH | D101: P | E101: P | F101: P | G101: P | H101: P | I101: P | K101: P | L101: P | M101: P | N101: P | O101: P | P101: P | S101: P | T101: P | U101: P | V101: P | W101: P | Y101: P | Z101: P | AA101: P | AB101: P | AC101: P | AD101: P | AF101: P | AG101: P | AH101: JIHUA ROYAL WING CONT.
A102: =ROW()-5 -> 97 | B102: 265 | C102: JAMAL ABDUL RAHMAN | D102: P | E102: P | F102: P | G102: P | H102: P | I102: P | K102: P | L102: P | M102: P | N102: P | O102: P | P102: P | S102: P | T102: P | U102: P | V102: P | W102: P | Y102: P | Z102: P | AA102: P | AB102: P | AC102: P | AD102: P | AF102: P | AG102: P | AH102: JIHUA ROYAL WING CONT.
A103: =ROW()-5 -> 98 | B103: 662 | C103: SHAILESH YADAV VEERA YADAV | D103: P | E103: P | F103: P | G103: P | H103: P | I103: P | K103: P | L103: P | M103: P | N103: P | O103: P | P103: P | S103: P | T103: P | U103: P | V103: P | W103: P | Y103: P | Z103: P | AA103: P | AB103: P | AC103: P | AD103: P | AF103: P | AG103: P | AH103: JIHUA ROYAL WING CONT.
A104: =ROW()-5 -> 99 | B104: 704 | C104: RAM RATAN CHAUHAN BAL KISHUN CHAUHAN | D104: P | E104: P | F104: P | G104: P | H104: Off | I104: P | J104: P | K104: P | L104: P | M104: P | N104: P | O104: Off | P104: P | S104: P | T104: P | U104: P | V104: P | W104: P | X104: Off | Y104: P | Z104: P | AA104: P | AB104: P | AC104: P | AD104: P | AE104: Off | AF104: P | AG104: P | AH104: JIHUA ROYAL WING CONT.
...

Sheet Time sheet - all

Sheet SL
A1: SICK LEAVE DETAILS-June 2026
A2: SL | B2: ID | C2: NAME | D2: FROM | E2: TO | F2: TOTAL DAYS
A3: 1 | B3: 995 | C3: MUNAWAR SAEED AHMAD SAID | D3: 46175 | E3: 46175 | F3: 1 Day
A4: 2 | B4: G-199 | C4: MD SORIF MIA MD KALAM MIA | D4: 46176 | E4: 46176 | F4: 1 Day
A5: 3 | B5: C015 | C5: JAVED KHAN JUMMAN | D5: 46176 | E5: 46176 | F5: 1 Day
A6: 4 | B6: 182 | C6: HORA MONI MOJUMDER ANONTA | D6: 46176 | E6: 46176 | F6: 1 Day
A7: 5 | B7: G252 | C7: BIRENDRA MANDAL | D7: 46177 | E7: 46177 | F7: 1 Day
A8: 6 | B8: G299 | C8: JAMROZ KHAN YAD MIR SHAH | D8: 46177 | E8: 46177 | F8: 1 Day
A9: 7 | B9: G118 | C9: SHREE RAM MANDAL JHAULIYA | D9: 46178 | E9: 46178 | F9: 1 Day
A10: 8 | B10: G-235 | C10: USMAN NAJEEB NAJEEB ULLAH | D10: 46178 | E10: 46178 | F10: 1 Day
A11: 9 | B11: 837 | C11: RAM LAKHAN RAM PRATAP | D11: 46181 | E11: 46181 | F11: 1 Day
A12: 10 | B12: G148 | C12: SUNDAR KUMAR SADAY ANESIYA | D12: 46182 | E12: 46182 | F12: 1 Day
A13: 11 | B13: G-259 | C13: LAMECH MUGEJERA | D13: 46182 | E13: 46182 | F13: 1 Day
A14: 12 | B14: G152 | C14: DHANBIR MANDAL BILTU MANDAL | D14: 46183 | E14: 46183 | F14: 1 Day
A15: 13 | B15: G-192 | C15: ABUL BASHER ABDUL MUNAF | D15: 46183 | E15: 46183 | F15: 1 Day
A16: 14 | B16: G-200 | C16: MOHAMMAD FARVEZ MANJUR ALAM | D16: 46185 | E16: 46185 | F16: 1 Day
A17: 15 | B17: G-122 | C17: NANU SADA RAM PARIKSHAN MUSAHAR | D17: 46185 | E17: 46185 | F17: 1 Day
A18: 16 | B18: 1009 | C18: HABIL MIA JAMALUDDIN | D18: 46185 | E18: 46185 | F18: 1 Day
A19: 17 | B19: 881 | C19: SURESH BISTA BHAGAWATI BISTA | D19: 46189 | E19: 46189 | F19: 1 Day
A20: 18 | B20: G 42 | C20: NAR BAHADUR LIMBU UTTAR BAHADUR | D20: 46190 | E20: 46190 | F20: 1 Day
A21: 19 | B21: 985 | C21: IMRAN MIR KAMAN | D21: 46190 | E21: 46191 | F21: 2 Day
A22: 20 | B22: 881 | C22: SURESH BISTA BHAGAWATI BISTA | D22: 46192 | E22: 46192 | F22: 1 Day
A23: 21 | B23: 606 | C23: AZEEM KHAN MUHAMMAD BASHIR | D23: 46195 | E23: 46195 | F23: 1 Day
A24: 22 | B24: G-169 | C24: LALKU SADA LADDU SADA | D24: 46197 | E24: 46197 | F24: 1 Day
A25: 23 | B25: G-246 | C25: MUNSIF KHAN SAID ZAMAN | D25: 46197 | E25: 46197 | F25: 1 Day
A26: 24 | B26: G-148 | C26: SUNDAR KUMAR SADAY ANESIYA | D26: 46197 | E26: 46197 | F26: 1 Day
A27: 25 | B27: G155 | C27: SUNIL KUMAR YADAV RAMA TARAIT | D27: 46197 | E27: 46197 | F27: 1 Day
A28: 26 | B28: 985 | C28: IMRAN MIR KAMAN | D28: 46198 | E28: 46198 | F28: 1 Day
A29: 27 | B29: 995 | C29: MUNAWAR SAEED AHMAD SAID | D29: 46202 | E29: 46202 | F29: 1 Day
A30: 28
A31: 29
A32: 30
A33: 31
A34: 32
A35: 33
A36: 34
A37: 35
A38: 36
A39: 37
A40: 38
A41: 39
... A53: 51
